city,total,adequada,semi_adequada,inadequada
adamantina,11324.28449169,10065.03925667,1244.28939038,14.95584464
adolfo,1200,988.58936468,206.63175197,4.77888335
aguai,9898.99999996,7361.08431881,2380.28979921,157.62588194
aguas da prata,2503.83945404,1828.53153227,675.30792177,-
aguas de lindoia,5592.99368374,4475.82312637,1111.85816579,5.31239158
aguas de santa barbara,1872.99999999,1187.48361146,666.68227136,18.83411717
aguas de sao pedro,990.00000001,910.36911147,79.63088854,-
agudos,10139.60937536,8005.22697216,2120.54332307,13.83908013
alambari,1526.00000001,733.20905578,777.43737667,15.35356756
alfredo marcondes,1349.22970064,1013.7380472,325.05140497,10.44024847
altair,1186.00000001,795.44928325,390.55071676,-
altinopolis,4879.00000001,3680.23163946,1145.44425063,53.32410992
alto alegre,1374.99999999,995.55772487,362.57823703,16.86403809
aluminio,4979.63560911,3008.95548625,1970.68012286,-
alvares florence,1427.99999998,926.04344181,495.45946864,6.49708953
alvares machado,7431,5478.75542673,1906.32523713,45.91933614
alvaro de carvalho,1012.00000001,768.36417242,240.00981413,3.62601346
alvinlandia,908.46781091,701.09273748,202.17727472,5.19779871
americana,67653.72096446,57343.97511256,10289.42026254,20.32558936
americo brasiliense,10289.99999999,7922.82750375,2367.17249624,-
americo de campos,1976,1537.31937527,432.93406241,5.74656232
amparo,20522.69310447,15034.61217584,5453.67227733,34.4086513
analandia,1374.50975653,898.97512199,445.79793188,29.73670266
andradina,18085.87129863,14497.92992631,3450.25877507,137.68259725
angatuba,7044.16939807,4584.0714869,2382.60321556,77.49469561
anhembi,1773.47284359,1134.6968018,632.80120906,5.97483273
anhumas,1149.81553387,855.89512695,287.94483793,5.97556899
aparecida,10320.17442557,8164.83011153,2155.34431404,-
aparecida d'oeste,1556.93053412,1184.43576608,361.0918701,11.40289794
apiai,7561.47773105,3392.56825677,4121.70501811,47.20445617
aracariguama,4939.99999998,1854.11966169,2942.14333588,143.73700241
aracatuba,60561.43701381,52683.99709148,7783.19112439,94.24879794
aracoiaba da serra,8572,3217.49909683,5329.02968853,25.47121464
aramina,1653.00000001,1341.35098475,308.07399646,3.5750188
arandu,1898.14871312,1124.22631939,770.89791954,3.02447419
arapei,799.99999998,361.31952752,426.57587004,12.10460242
araraquara,68765.15816969,60259.97799247,8438.11226062,67.0679166
araras,36330.40872498,30735.09630505,5577.63086622,17.68155371
arco-iris,641.95629954,355.33361146,284.06579239,2.55689569
arealva,2659.98130592,1776.21539703,858.02675768,25.73915121
areias,1080.07146368,539.06743384,504.47942204,36.5246078
areiopolis,3030.1039711,2378.38752335,651.71644775,-
ariranha,2687.21585548,2062.09538172,617.30059515,7.81987861
artur nogueira,13477.27163228,9700.22194266,3755.64561433,21.40407529
aruja,21420.27781151,12448.28042926,8971.99738225,-
aspasia,605,394.59036048,207.7906278,2.61901172
assis,31101.33052399,27115.88296185,3952.33141952,33.11614262
atibaia,38353.06912572,21196.39288237,17101.07620414,55.60003921
auriflama,4722.99999999,3887.10073996,823.10472281,12.79453722
avai,1561.76372123,867.62088324,683.94150378,10.20133421
avanhandava,3069.68112611,2425.26772848,629.1672921,15.24610553
avare,26225.96855031,21055.88573791,5100.51237077,69.57044163
bady bassitt,4704.08619203,3866.9909275,823.95815123,13.1371133
balbinos,473.00000001,349.12828735,123.87171266,-
balsamo,2753.18501563,2284.33778396,468.84723167,-
bananal,3284.99999999,2221.14499158,1049.39993302,14.45507539
barao de antonina,1018.62601865,536.13633108,481.01454676,1.47514081
barbosa,2031.79893369,1484.41695744,518.00138633,29.38058992
bariri,9987.4148237,8281.85107281,1700.14520055,5.41855034
barra bonita,11175.45268468,9836.21180727,1339.24087741,-
barra do chapeu,1571,309.70783177,1198.45064827,62.84151996
barra do turvo,2408.80518953,678.53489464,1672.1053901,58.16490479
barretos,36170.38969895,30246.98230797,5828.2981673,95.10922368
barrinha,8427.99999999,6305.41434224,2122.58565775,-
barueri,71808.75299561,48773.65062528,23026.85991379,8.24245654
bastos,6355.99999999,4843.0115986,1380.54087961,132.44752178
batatais,17740.84009479,14926.04706747,2764.84808514,49.94494218
bauru,109829.7758932,94601.73730605,15194.15985069,33.87873646
bebedouro,23717.99849895,19997.90297393,3654.81121463,65.28431039
bento de abreu,861.99999999,700.12878736,161.87121263,-
bernardino de campos,3479.83998788,2833.28470911,628.36071752,18.19456125
bertioga,14511.71940537,7772.75727987,6738.9621255,-
bilac,2392.00000001,2000.92579772,383.29311689,7.7810854
birigui,35600.24747437,30394.20160008,5137.5656581,68.48021619
biritiba-mirim,8394.76014676,3810.04411015,4560.1618319,24.55420471
boa esperanca do sul,4152.8203382,2942.09070687,1192.70181245,18.02781888
bocaina,3297.56703932,2588.98641345,700.40090765,8.17971822
bofete,3164.99999999,1737.91944719,1408.34266943,18.73788337
boituva,14742.99999999,9801.78299889,4905.3272313,35.8897698
bom jesus dos perdoes,6120,4037.38846953,2082.61153047,-
bom sucesso de itarare,984.19941319,476.49250176,493.79198726,13.91492417
bora,239.00000001,166.44869844,70.55130157,2
boraceia,1256.99999999,954.3923856,288.87395847,13.73365592
borborema,4774.85885075,3762.15592492,1005.15368532,7.54924051
borebi,699.36335922,505.45987865,186.38107529,7.52240528
botucatu,41043.97939237,33994.18920185,6962.06796794,87.72222258
braganca paulista,44652.6981084,31808.5024944,12777.5031457,66.6924683
brauna,1585.71811059,1194.12551544,382.82737885,8.7652163
brejo alegre,815.7325386,574.32931665,239.93699508,1.46622687
brodowski,6379.48011765,5424.21987319,955.26024446,-
brotas,6742.99999998,5354.68273643,1360.25317297,28.06409058
buri,5506.70988687,3244.8560261,2116.34319388,145.51066689
buritama,5194.87511646,4201.12032958,965.7193205,28.03546638
buritizal,1378.00000001,1045.95707837,326.61248995,5.43043169
cabralia paulista,1380.00000002,1066.24043317,280.87704885,32.882518
cabreuva,11909.54182993,7097.91805396,4758.08943353,53.53434244
cacapava,24833.30822917,17551.66024232,7259.4436027,22.20438415
cachoeira paulista,9063.16009413,6585.85155011,2440.272469,37.03607502
caconde,5691.91816844,3103.94699476,2515.79388112,72.17729256
cafelandia,5350.99999997,3961.11233291,1335.30562947,54.58203759
caiabu,1388.58975062,889.43790867,487.15319304,11.99864891
caieiras,25400.27046888,16865.04513995,8535.22532893,-
caiua,1619.32364117,664.34139494,895.27088128,59.71136495
cajamar,19267.98307751,10525.51612355,8710.25500638,32.21194758
cajati,8448.64103041,4326.65748456,4090.92569689,31.05784896
cajobi,3107,2544.03222112,556.85119557,6.11658331
cajuru,7219.00000001,5180.43392931,1973.73723418,64.82883652
campina do monte alegre,1806.33737002,1231.98023099,574.35713903,-
campinas,348186.05305705,278322.00829395,69742.83318771,121.21157539
campo limpo paulista,21930.95410358,12859.42253287,9071.53157071,-
campos do jordao,14303.42328001,9315.06471858,4968.7267657,19.63179573
campos novos paulista,1494,993.32337582,483.01058437,17.66603981
cananeia,3678.88831896,2208.73758038,1413.89164067,56.25909791
canas,1204.99999998,799.20928971,401.08520928,4.70550099
candido mota,9576.39552077,7975.51556543,1592.3457693,8.53418604
candido rodrigues,869,659.1597491,200.3970419,9.443209
canitar,1217.99999998,746.37429432,471.62570566,-
capao bonito,13609.00000003,8716.65470445,4756.68614703,135.65914855
capela do alto,5238.98488789,2557.82125564,2660.53379195,20.6298403
capivari,13984.29929508,10115.63081277,3838.76226992,29.90621239
caraguatatuba,31946.95516208,21522.12098588,10379.93215574,44.90202046
carapicuiba,108616.69600474,68289.91618015,40297.79527859,28.984546
cardoso,4136.32759729,3113.63282789,1015.93637246,6.75839694
casa branca,8361.00000001,6389.0066952,1956.53548826,15.45781655
cassia dos coqueiros,836.99999999,477.79669294,324.29680082,34.90650623
castilho,5561.11807476,3587.99720836,1864.38586798,108.73499842
catanduva,37285.02784325,32064.79819981,5201.27183262,18.95781082
catigua,2232.84556207,1731.84199284,467.39639088,33.60717835
cedral,2611.94252336,1852.93574755,759.00677581,-
cerqueira cesar,5539,4217.41221576,1278.49403153,43.09375271
cerquilho,12193.36486385,9853.12385774,2326.27465024,13.96635587
cesario lange,4463.72403525,2339.54026847,2110.4971288,13.68663798
charqueada,4413.00000002,3205.88864694,1194.48814446,12.62320862
chavantes,3705.10357794,2881.42202038,805.30389994,18.37765762
clementina,2159.99999999,1709.85250858,443.93120822,6.21628319
colina,5305.76796646,4193.69096108,1105.96966745,6.10733793
colombia,1811.78862843,1156.56099361,612.37462965,42.85300517
conchal,7146.60049169,5220.37702097,1926.22347072,-
conchas,5215.00000002,3401.76018814,1791.83151261,21.40829927
cordeiropolis,6421.4371274,4631.09220721,1772.80149544,17.54342475
coroados,1698.16138121,1231.88396775,431.971569,34.30584446
coronel macedo,1625.18607987,1042.24246882,545.87407802,37.06953303
corumbatai,1213.73320549,599.53314078,589.40509326,24.79497145
cosmopolis,17779.21885807,13441.95097859,4337.26787948,-
cosmorama,2567,1649.44488435,910.37735992,7.17775573
cotia,58969.61742245,35050.24754613,23842.59271877,76.77715755
cravinhos,9212.14157627,7442.83798274,1745.50535442,23.79823911
cristais paulista,2343.00000001,1410.54642972,906.92188373,25.53168656
cruzalia,779.00000003,502.92771119,269.34330688,6.72898196
cruzeiro,23116.66601014,18188.25886523,4874.55514925,53.85199566
cubatao,36406.6533918,18404.9533954,17949.79547296,51.90452344
cunha,7017.94182893,3056.01681898,3745.39095245,216.5340575
descalvado,9546.70696487,7369.08127737,2116.75245488,60.87323262
diadema,117367.88565295,81028.29454372,36306.44678126,33.14432797
dirce reis,589.00000003,431.44349965,151.65276129,5.90373909
divinolandia,3579.21158084,2032.64172349,1496.94773362,49.62212373
dobrada,2428.99999999,1814.50731386,601.75079257,12.74189356
dois corregos,7632.00000001,5956.78697212,1602.60701417,72.60601372
dolcinopolis,730.09025292,638.85362386,91.23662906,-
dourado,2838,2329.3518615,499.21844122,9.42969728
dracena,14265.99999999,12119.86820501,2116.75369168,29.3781033
duartina,4025.83495528,3244.46644007,762.22179986,19.14671535
dumont,2384.99999999,1838.95795482,541.03975312,5.00229205
echapora,2018.70880063,1431.78718458,570.02032505,16.901291
eldorado,4247.00000002,1651.00191797,2385.2099375,210.78814455
elias fausto,4416.40291517,2828.70622698,1565.65840088,22.03828731
elisiario,994,763.07805203,230.92194797,-
embauba,802.00000002,614.08611179,186.19505756,1.71883067
embu das artes,68156.25192915,36912.94055594,31238.46558206,4.84579115
embu-guacu,18091.46522126,6468.98099706,11484.58088406,137.90334014
emilianopolis,1014.19153737,797.06245729,207.32245302,9.80662706
engenheiro coelho,4652.00000002,2361.26913811,2249.75927588,40.97158603
espirito santo do pinhal,12992.02200401,10186.2976519,2728.45198586,77.27236625
espirito santo do turvo,1309.65938806,927.71522217,379.75874245,2.18542344
estiva gerbi,2914.83081212,2176.66502301,721.15262019,17.01316892
estrela do norte,797.08131127,521.24363594,269.35341658,6.48425875
estrela d'oeste,2730.26823434,2066.18786696,635.85271228,28.2276551
euclides da cunha paulista,2973.77156898,1629.20341595,1203.19205556,141.37609747
fartura,4896.63158268,3597.53927985,1280.36599366,18.72630917
fernando prestes,1854.00000001,1470.55769892,367.30937845,16.13292264
fernandopolis,21823.02767411,19227.281052,2595.74662211,-
fernao,514,246.89932646,267.10067354,-
ferraz de vasconcelos,48368.33879544,28139.92472069,20160.24180898,68.17226577
flora rica,622.33420466,469.58777627,152.74642839,-
floreal,1083.1721125,835.60686049,238.75591943,8.80933258
florida paulista,3845.00000004,3108.80523073,710.34222762,25.85254169
florinia,942.99999998,746.38626785,188.86111159,7.75262054
franca,97720.57509223,83023.3119235,14687.92857975,9.33458898
francisco morato,43919.03238436,16312.6261737,27551.76485939,54.64135127
franco da rocha,36240.72808928,18629.39157688,17497.44952462,113.88698778
gabriel monteiro,928,749.55807751,176.50050828,1.94141421
galia,2361.62737829,1618.28482108,716.32951812,27.01303909
garca,13492,10947.98801302,2477.04537905,66.96660793
gastao vidigal,1277.00000001,911.37995758,359.13131963,6.4887228
gaviao peixoto,1334,914.99741929,403.120282,15.88229871
general salgado,3608.72626519,2956.88249115,623.11701626,28.72675778
getulina,3040.00000002,2179.44570324,850.74020379,9.81409299
glicerio,1423.99999999,921.32148402,486.90277626,15.77573971
guaicara,3246.32737584,2311.51532344,927.31278688,7.49926552
guaimbe,1682.19092719,1251.44175472,420.76678304,9.98238943
guaira,11986.50558746,10095.39318484,1891.11240262,-
guapiacu,5732.99999999,4089.97338562,1610.44598821,32.58062616
guapiara,5388.77483594,1663.7741315,3541.68669582,183.31400862
guara,6048.22197056,4598.95468464,1433.96966557,15.29762035
guaracai,2843.39203256,2177.43937464,618.70178119,47.25087673
guaraci,3168.99999998,2264.02530624,901.00215402,3.97253972
guarani d'oeste,705.00000001,579.56712245,117.81542873,7.61744883
guaranta,1947,1436.97778305,482.35392142,27.66829553
guararapes,10001.37362965,8455.57437472,1534.93453307,10.86472186
guararema,7767.00000002,3558.73885417,4185.9804445,22.28070135
guaratingueta,34183.00000003,25720.66953335,8416.88449868,45.445968
guarei,3690,1693.29801482,1983.62189552,13.08008966
guariba,10622.39908193,7871.53270896,2750.86637297,-
guaruja,84932.46046235,53704.48154961,31078.1316065,149.84730624
guarulhos,360515.03518013,229496.55443641,130835.10830701,183.37243671
guatapara,2048.6186017,1285.96515083,742.39925534,20.25419553
guzolandia,1532.04916328,1142.82335502,368.30507281,20.92073545
herculandia,2799,2116.27037698,660.80787702,21.921746
holambra,3330.47241739,1939.98464518,1363.30504387,27.18272834
hortolandia,55370.7851643,22593.29815559,32777.48700871,-
iacanga,3106,2357.01141088,736.70330379,12.28528533
iacri,2088.00000001,1483.37265409,577.73381984,26.89352608
iaras,1383.37246892,640.52483499,628.37186336,114.47577057
ibate,8802.6077974,6328.02881328,2474.57898412,-
ibira,3646,2721.51343065,898.69750994,25.78905941
ibirarema,2164.61110404,1666.06487229,470.16815554,28.37807621
ibitinga,16824.51149971,13762.39191172,3051.5166973,10.60289069
ibiuna,21413.14619581,4857.59255177,16047.9258437,507.62780034
icem,2365.65531553,1824.26195541,541.39336012,-
iepe,2456.09347949,1809.04206408,625.49603968,21.55537573
igaracu do tiete,6866.7424146,5600.19801388,1266.54440072,-
igarapava,8976.72055877,7215.47513371,1750.41077493,10.83465013
igarata,2805.24458753,1222.01597557,1583.22861196,-
iguape,9075.46789808,5172.52437969,3645.88185893,257.06165946
ilha comprida,3105.29602363,2062.79937099,1035.82411914,6.6725335
ilha solteira,8056,6749.71941611,1287.14467739,19.1359065
ilhabela,9021.64431204,2221.90103471,6799.74327733,-
indaiatuba,61333.3768911,47496.00474892,13795.43347443,41.93866775
indiana,1604.00000001,1025.99569368,564.89087457,13.11343176
indiapora,1422.17392342,1099.06053183,323.11339159,-
inubia paulista,1176.99999999,937.7332619,239.26673809,-
ipaussu,4324.53655511,3588.85582738,735.68072773,-
ipero,7796,3699.408278,4053.67065944,42.92106256
ipeuna,1776.43517969,1154.48434721,588.41798085,33.53285163
ipigua,1442.00000002,840.57406778,591.06865476,10.35727748
iporanga,1238.18099788,528.31487142,639.5939265,70.27219996
ipua,4372.99401881,3560.66504025,785.20934479,27.11963377
iracemapolis,5947.99999997,4939.29018139,1008.70981858,-
irapua,2246.23571567,1644.81621286,592.18780605,9.23169676
irapuru,2221.00000001,1620.78485389,592.58527736,7.62986876
itabera,5517.14093697,2947.78499242,2439.76867319,129.58727136
itai,7151.87881633,4807.71201152,2234.22071879,109.94608602
itajobi,4857,3745.41002024,1091.64148887,19.94849089
itaju,973.99999999,640.73185087,333.26814912,-
itanhaem,28228.06987001,17290.95337031,10818.848188,118.2683117
itaoca,990.99999999,292.7151219,673.84244958,24.44242851
itapecerica da serra,42745.31554799,14101.66436961,28501.40670785,142.24447053
itapetininga,42257.72831967,30238.0966724,11934.91807425,84.71357302
itapeva,26604.78078949,17528.18753224,8743.18094507,333.41231218
itapevi,57597.69761054,31075.93216988,26456.79003024,64.97541042
itapira,21189.10621936,17338.57561664,3850.53060272,-
itapirapua paulista,1159.1247659,388.68121237,749.21863722,21.22491631
itapolis,13192.21305237,10642.98345778,2482.25776556,66.97182903
itaporanga,4744.47867703,3021.27913861,1647.96945251,75.23008591
itapui,3707.99999997,2692.28610271,1015.71389726,-
itapura,1337.83167959,341.96215283,982.04398458,13.82554218
itaquaquecetuba,89680.11115114,45529.36857944,43955.17222581,195.57034589
itarare,15161.99999998,10731.48523968,4354.41761685,76.09714345
itariri,4596.09021734,1826.51213535,2612.16832974,157.40975225
itatiba,31123.78417117,22278.75066438,8842.57134039,2.4621664
itatinga,5228.99999997,3660.96607475,1524.94331169,43.09061353
itirapina,4010,2704.28077691,1291.72195918,13.99726391
itirapua,1713.00000001,1203.49457185,490.32612701,19.17930115
itobi,2288.26946739,1673.95960381,600.1711353,14.13872828
itu,46476.82294544,34796.10142773,11579.0920116,101.62950611
itupeva,13300,7465.56981632,5834.43018368,-
ituverava,12596.23075486,11185.82113944,1379.09478439,31.31483103
jaborandi,2026.23608312,1529.9325238,496.30355932,-
jaboticabal,22660.56083374,19207.95704663,3431.40812712,21.19565999
jacarei,64214.79927111,49427.4755051,14748.08163613,39.24212988
jaci,1752.96085781,1327.10314191,415.0890544,10.7686615
jacupiranga,5300.99999999,2956.70943612,2184.83436738,159.45619649
jaguariuna,13539.4516555,10321.62708666,3213.79606085,4.02850799
jales,16277.51957889,14401.14762042,1855.76619911,20.60575936
jambeiro,1648,851.3923863,782.84274098,13.76487272
jandira,32527.24920042,20475.996209,12051.25299142,-
jardinopolis,11129.70486382,8753.45843538,2331.10947957,45.13694887
jarinu,7097,1656.14388491,5407.94750475,32.90861034
jau,40919.66878236,34414.76403482,6452.69722145,52.20752609
jeriquara,969.99999999,710.03901564,259.96098435,-
joanopolis,3890.53276605,2309.84873492,1575.74378237,4.94024876
joao ramalho,1282.93521794,918.53887591,349.21310214,15.18323989
jose bonifacio,10324.99999999,8114.37407827,2161.21902139,49.40690033
julio mesquita,1372.99999999,1056.50560495,314.13892478,2.35547026
jumirim,855.00000001,447.03053507,405.74893198,2.22053296
jundiai,118265.25679203,94596.84465272,23650.83213801,17.5800013
junqueiropolis,5788.00000001,4624.83210356,1132.57359903,30.59429742
juquia,5943.60809073,2614.52019201,3115.59083866,213.49706006
juquitiba,8746.37640836,2309.62302536,6235.99689854,200.75648446
lagoinha,1695,866.38169197,821.53614162,7.08216641
laranjal paulista,7939.99999999,5778.05826636,2161.94173363,-
lavinia,1765,1345.14263301,404.75221109,15.1051559
lavrinhas,1854.51775418,1077.03588311,769.26519659,8.21667448
leme,27919.53515136,22194.12526749,5682.69112185,42.71876202
lencois paulista,18161.57207031,15258.22871248,2895.5998724,7.74348543
limeira,84413.77783162,68054.49566509,16300.40002309,58.88214344
lindoia,2211.97497817,1500.04620933,708.70868244,3.2200864
lins,22852.80831094,19851.98197938,2995.55139495,5.27493661
lorena,25071.58914734,19681.971139,5364.50994216,25.10806618
lourdes,713,529.36035324,178.34946873,5.29017803
louveira,11039.82927657,7303.53785095,3726.62703881,9.66438681
lucelia,6012.99999999,4995.05859133,1008.31473122,9.62667744
lucianopolis,709.00442726,487.44901602,219.29021912,2.26519212
luis antonio,3209.99999998,2582.14346079,622.64723723,5.20930196
luiziania,1559,1235.35430565,318.38365716,5.26203719
lupercio,1328.99999999,1043.00907285,281.33527623,4.65565091
lutecia,921.00000003,672.89038272,235.48910448,12.62051283
macatuba,4645.15843156,3687.33948824,949.68936948,8.12957384
macaubal,2687.99999999,2185.57479288,487.71839098,14.70681613
macedonia,1247.70354892,848.09542748,391.65068818,7.95743326
magda,1138.99999999,892.70317225,239.34967129,6.94715645
mairinque,12922.74641713,7562.4203584,5290.4875719,69.83848683
mairipora,23152.74186955,9348.65447688,13397.05487757,407.0325151
manduri,2903.00000001,2246.38447843,636.61994539,19.99557619
maraba paulista,1226.00935075,622.95674278,572.2301056,30.82250237
maracai,4372.00000002,3301.00795745,1049.23349396,21.75854861
marapoama,893.00000002,708.73396603,175.9595759,8.30645809
mariapolis,1295.86141975,876.94028564,408.74212624,10.17900787
marilia,68711.16407033,59196.97762214,9370.55798672,143.62846147
marinopolis,690.33794187,499.82746621,183.63019561,6.88028005
martinopolis,7526.00000002,5715.14954169,1810.85045833,-
matao,23710.20031057,19947.20592333,3762.99438724,-
maua,125369.11774998,83670.0707688,41687.1986816,11.84829958
mendonca,1555,1188.53431004,356.83707254,9.62861742
meridiano,1262.00000001,865.91152154,380.61639421,15.47208426
mesopolis,648,439.86135949,205.46209715,2.67654336
miguelopolis,6461.99552668,4744.54718985,1696.13060821,21.31772862
mineiros do tiete,3671.49726715,2905.44892186,752.86840119,13.1799441
mira estrela,1035.99999999,759.76110522,273.1802339,3.05866087
miracatu,6209.00000001,1991.49557279,3976.01042919,241.49399803
mirandopolis,8177.00000001,6097.59930546,2072.95757039,6.44312416
mirante do paranapanema,5486.57218738,2253.81061291,3042.29702802,190.46454645
mirassol,17419.82225896,14929.57349002,2473.19372388,17.05504506
mirassolandia,1411.09918803,1050.4779806,360.62120743,-
mococa,20301.51416348,16169.95679016,3953.29699769,178.26037563
mogi das cruzes,116385.62819945,76088.50598475,39975.42550121,321.69671349
mogi guacu,41778.11729528,34657.41451655,7086.79759766,33.90518107
moji mirim,27022.4925288,22409.11233455,4514.36578455,99.0144097
mombuca,941,586.03347139,345.81592397,9.15060464
moncoes,750,594.20455272,149.58637765,6.20906963
mongagua,14557.39464711,10026.35193246,4509.41418727,21.62852738
monte alegre do sul,2340.62894463,1259.29072868,1076.33573387,5.00248208
monte alto,14935.08429019,12620.31540054,2276.6463143,38.12257535
monte aprazivel,7265.37806664,5648.34228769,1584.39697106,32.63880789
monte azul paulista,6021,4834.37187636,1152.58432662,34.04379702
monte castelo,1393.00000001,1018.7448061,366.8996697,7.35552421
monte mor,14450.17569043,7329.5881404,7072.66552621,47.92202382
monteiro lobato,1335.00000001,408.12160971,919.10874874,7.76964156
morro agudo,8798,6511.86462826,2264.20256143,21.93281031
morungaba,3520.99999999,2268.2428698,1236.87499173,15.88213846
motuca,1355.61735775,891.49449086,448.36910454,15.75376235
murutinga do sul,1438.96646401,915.64926573,488.43473158,34.8824667
nantes,846.00000001,646.29632962,199.70367039,-
narandiba,1336.99999999,820.65562027,480.74473969,35.59964003
natividade da serra,2406,926.78906633,1432.68764808,46.52328559
nazare paulista,5190.26417824,1559.09751701,3495.55598917,135.61067206
neves paulista,2960.06363004,2477.64753462,454.21816923,28.19792619
nhandeara,3682.33518681,2825.68120325,844.23401168,12.41997188
nipoa,1389,982.83978396,403.73824758,2.42196846
nova alianca,1985,1527.1820187,456.32528886,1.49269244
nova campina,2408.86972666,940.56923364,1423.83610691,44.46438611
nova canaa paulista,742.49740849,291.74704136,440.93605557,9.81431156
nova castilho,380.00000001,232.74973782,142.73944683,4.51081536
nova europa,2862.72434206,2255.02209858,607.70224348,-
nova granada,6232.00000002,4950.65968624,1281.34031378,-
nova guataporanga,760.17988845,605.59819566,151.67704473,2.90464806
nova independencia,952.12215827,624.15771711,310.89744817,17.06699299
nova luzitania,1115.62966125,879.6874508,235.94221045,-
nova odessa,15812.57754971,13044.99292822,2756.28484263,11.29977886
novais,1351,826.68192034,518.81773411,5.50034555
novo horizonte,12235.69103283,10054.28650986,2120.28943371,61.11508926
nuporanga,2167.79031197,1745.00328516,420.15969855,2.62732826
ocaucu,1365.85868394,970.40843185,383.48646601,11.96378608
oleo,911.00000003,480.0091089,420.72072911,10.27016202
olimpia,15985.97463425,12526.92470678,3425.62365362,33.42627385
onda verde,1196.00000002,850.64254428,327.03958386,18.31787188
oriente,1927,1552.77365051,374.22634949,-
orindiuva,1782.2646449,1430.01656915,346.16672574,6.08135001
orlandia,11963.12414376,9918.37847089,2037.95129776,6.79437511
osasco,201937.13853367,138347.59150783,62996.63971094,592.9073149
oscar bressane,874.00000001,685.37220597,177.90806245,10.71973159
osvaldo cruz,10026.62822968,8674.59072454,1322.30201921,29.73548593
ourinhos,32809.00000002,27871.90445787,4859.67140359,77.42413856
ouro verde,2573.67649398,1488.75685957,1076.55842869,8.36120572
ouroeste,2778.65737994,2325.81548441,432.82144895,20.02044658
pacaembu,3647,2688.21790388,953.20075167,5.58134445
palestina,3759.99999999,2421.59526233,1303.86605334,34.53868432
palmares paulista,3176.93826155,2333.17055969,839.68604471,4.08165715
palmeira d'oeste,3294.7100072,2361.20210492,911.57959171,21.92831057
palmital,7173.99999998,5928.528291,1213.46505236,32.00665662
panorama,4619.36460457,3619.53993911,989.19978729,10.62487817
paraguacu paulista,13012.09875165,10429.1451286,2538.81660389,44.13701916
paraibuna,5380.03367815,1964.74016875,3373.79539927,41.49811013
paraiso,1898.09238754,1486.93835995,397.598888,13.55513959
paranapanema,5515.68932,3421.32591212,2008.94038573,85.42302215
paranapua,1294.51664764,1047.036517,245.19617864,2.283952
parapua,3654,2739.89944429,909.32711888,4.77343683
pardinho,1708.62798812,1045.70291933,640.45945008,22.46561871
pariquera-acu,5564.99999998,3066.36077513,2293.6898941,204.94933075
parisi,711,537.38555832,170.32666523,3.28777645
patrocinio paulista,3943.00000001,2746.6664839,1166.79969553,29.53382058
pauliceia,1924.62590245,665.5817702,1248.57873995,10.4653923
paulinia,24304.23713898,19143.91711473,5120.36524903,39.95477522
paulistania,562.04126591,297.53180619,250.30627959,14.20318013
paulo de faria,2877.9867225,2308.12307891,547.86203154,22.00161205
pederneiras,12280.67711458,9650.53695841,2481.46160907,148.6785471
pedra bela,1831.00000001,336.46312787,1485.60040573,8.93646641
pedranopolis,884.00000002,515.12479588,364.49409965,4.38110449
pedregulho,4804.00000001,3294.68575949,1477.80082321,31.51341731
pedreira,12703.93301271,10052.51307143,2651.41994128,-
pedrinhas paulista,901,692.94786225,205.26920312,2.78293463
pedro de toledo,3227.30319001,1522.98297839,1666.14638851,38.17382311
penapolis,18921.00000001,16260.78045517,2592.53107965,67.68846519
pereira barreto,8035.23770925,6748.13998125,1266.01596296,21.08176504
pereiras,2384.99999998,1423.99498868,932.94544142,28.05956988
peruibe,19292.45510258,11906.45045632,7367.39154458,18.61310168
piacatu,1629.55683515,1301.24173893,328.31509622,-
piedade,15405.56721862,4531.96085808,10610.87659691,262.72976363
pilar do sul,7786.16164125,4671.68513521,3067.68030863,46.79619741
pindamonhangaba,42984.73092343,33721.03734228,9230.93255794,32.76102321
pindorama,4813.99999998,3913.73640702,887.24499154,13.01860142
pinhalzinho,4218.98885057,1676.60721481,2514.1862542,28.19538156
piquerobi,1202.00000001,702.4968435,485.35388658,14.14926993
piquete,4412.82836327,2835.57110594,1572.14769685,5.10956048
piracaia,7825,4340.06362852,3413.18337412,71.75299736
piracicaba,112723.99457579,92708.91469295,19991.4259837,23.65389914
piraju,9298.00000001,7398.6695023,1856.44522858,42.88526913
pirajui,6544.00000002,5212.69147151,1321.78503694,9.52349157
pirangi,3387.00000001,2710.7993745,671.68296831,4.5176572
pirapora do bom jesus,4388.99999999,2027.73753249,2343.78040259,17.48206491
pirapozinho,7731.97337107,6230.55681415,1494.19256637,7.22399055
pirassununga,22593.99999999,18720.63246591,3760.60787709,112.75965699
piratininga,3683.84533593,2647.91040167,1001.13578441,34.79914985
pitangueiras,10635.00000002,8125.57357357,2481.72197741,27.70444904
planalto,1417.99999999,1029.39689782,386.7296903,1.87341187
platina,1043.00000001,675.63679335,358.05365852,9.30954814
poa,30546.35563033,20858.32123594,9664.56252775,23.47186664
poloni,1812.75159625,1417.55869423,368.68629051,26.50661151
pompeia,6362.00000001,5224.87000608,1112.07574496,25.05424897
pongai,1205.22068341,926.35067784,278.87000557,-
pontal,11683.72871209,8160.6896092,3523.03910289,-
pontalinda,1314.19393624,997.63190437,313.26912457,3.2929073
pontes gestal,845.00000001,686.08944144,158.91055857,-
populina,1503.99999998,1148.57838098,343.5166408,11.9049782
porangaba,2798,1338.88097786,1430.30692935,28.81209279
porto feliz,14560.38148063,10195.81042973,4322.1483468,42.4227041
porto ferreira,15871.72299748,12923.70886358,2937.93539735,10.07873655
potim,4635.46989488,3046.43467405,1589.03522083,-
potirendaba,4984,3909.0205009,1065.05419527,9.92530383
pracinha,510.00000001,364.69247342,145.30752659,-
pradopolis,5093,3841.85709101,1185.75100481,65.39190418
praia grande,83541.36130683,59697.48484714,23843.87645969,-
pratania,1374.00000002,890.76147031,462.86161595,20.37691376
presidente alves,1345.58918783,995.00902717,338.68875657,11.89140409
presidente bernardes,4534.02590071,3053.73074591,1398.44380398,81.85135082
presidente epitacio,13152.71891876,9765.4389535,3298.27058239,89.00938287
presidente prudente,67799.8264758,59948.7610519,7809.13111626,41.93430764
presidente venceslau,12381.05097028,10916.18604535,1397.91593968,66.94898525
promissao,10951.83761767,8062.51185819,2753.90333085,135.42242863
quadra,1033.41186447,232.81697616,797.42642728,3.16846103
quata,4008.91646071,3388.29459786,593.61710856,27.00475429
queiroz,878.04100063,644.03186339,226.30880474,7.7003325
queluz,3001.00000001,1563.77085571,1414.99056231,22.23858199
quintana,1947.00000001,1622.60936131,319.7710828,4.6195559
rafard,2524.00000002,1889.47763199,629.57451682,4.94785121
rancharia,9408.31813674,7459.66664676,1905.82818564,42.82330434
redencao da serra,1263.99999997,359.10576838,857.74590805,47.14832354
regente feijo,5935.2961049,4830.66875883,1076.51798808,28.10935799
reginopolis,1756.99999997,1291.53634126,448.2502042,17.21345451
registro,16480.57575834,10638.77110737,5666.88029669,174.92435428
restinga,1826.00000001,1152.50178992,658.17539866,15.32281143
ribeira,1052.8837376,202.54490919,829.62989492,20.70893349
ribeirao bonito,3762.86424328,2813.23437216,908.92365819,40.70621293
ribeirao branco,5310.68235168,2004.59588956,3079.05192596,227.03453616
ribeirao corrente,1299.99999999,808.28040041,479.03505467,12.68454491
ribeirao do sul,1409.00000002,803.45824651,592.16491969,13.37683382
ribeirao dos indios,747,583.98301998,157.47572046,5.54125956
ribeirao grande,2238.05795702,797.10530557,1416.96755567,23.98509578
ribeirao pires,33819.00000003,22693.63631606,11058.35125972,67.01242425
ribeirao preto,195275.85578093,169080.95295239,26154.91985375,39.98297479
rifaina,1151.74334756,853.71097625,298.03237131,-
rincao,3104.60695168,2123.88018667,980.72676501,-
rinopolis,3268.99999997,2538.22181806,718.70619829,12.07198362
rio claro,59726.65298014,50152.35628612,9532.86426121,41.43243281
rio das pedras,8689.51535711,6721.15463617,1968.36072094,-
rio grande da serra,13185.17567232,7047.90919222,6089.93311232,47.33336778
riolandia,2936.99999999,2223.42580204,696.45800575,17.1161922
riversul,2043.92300092,1200.68286002,821.87941927,21.36072163
rosana,6136.17062521,4577.93392345,1419.4094275,138.82727426
roseira,2843.41126009,2038.44611069,794.69694384,10.26820556
rubiacea,866,581.24076197,281.47358958,3.28564845
rubineia,992.76675322,625.83021864,363.74759702,3.18893756
sabino,1736.00000001,1302.75845825,420.04595475,13.19558701
sagres,777.00000001,546.56421684,229.00368117,1.432102
sales,1821,1426.19759421,383.49331951,11.30908628
sales oliveira,3234,2565.14851889,634.87338255,33.97809856
salesopolis,4674.08525332,2117.71157635,2534.12279228,22.25088469
salmourao,1547.33902762,1211.36543241,331.45763731,4.5159579
saltinho,2162.9785073,1625.63250743,537.34599987,-
salto,31855.14442323,24578.59037449,7251.41719079,25.13685795
salto de pirapora,11495.00000001,7201.04327468,4266.04560144,27.91112389
salto grande,2876.18579721,916.83084721,1922.64463145,36.71031855
sandovalina,1111.72565701,623.97799068,444.65556868,43.09209765
santa adelia,4603.40615419,3732.92368112,837.25349502,33.22897805
santa albertina,2008,1579.5447488,419.8523451,8.6029061
santa barbara d'oeste,54898.17167724,45327.19298568,9547.47150626,23.5071853
santa branca,4241.54229497,2333.46492005,1865.64053177,42.43684315
santa clara d'oeste,692.00000002,490.40566599,194.60330387,6.99103016
santa cruz da conceicao,1301.00000001,870.35387837,426.88915665,3.75696499
santa cruz da esperanca,596.99999999,331.0598248,257.76922723,8.17094796
santa cruz das palmeiras,9106.99999998,7073.49340417,1998.53362273,34.97297308
santa cruz do rio pardo,13980.81424576,11180.13911748,2719.1663299,81.50879838
santa ernestina,1655,1261.26891957,385.59418006,8.13690037
santa fe do sul,9991,8771.45177465,1219.54822535,-
santa gertrudes,6649.73383904,5238.75996789,1410.97387115,-
santa isabel,15262.04541601,7080.37149975,8086.24845384,95.42546242
santa lucia,2410.99999999,1782.86780506,611.7481899,16.38400503
santa maria da serra,1681.99999999,1210.37756467,471.62243532,-
santa mercedes,936.00000002,578.51084875,353.62875949,3.86039178
santa rita do passa quatro,8769,7239.07983022,1501.71742966,28.20274012
santa rita d'oeste,911,565.13247741,329.61769974,16.24982285
santa rosa de viterbo,7402.00000001,6457.9691067,944.03089331,-
santa salete,505,287.37600441,212.64387772,4.98011787
santana da ponte pensa,595,425.54469385,165.23044471,4.22486144
santana de parnaiba,31618.81449412,16825.62746533,14755.23692365,37.95010514
santo anastacio,6697,5470.98958963,1199.88186041,26.12854996
santo andre,216254.88495929,172872.58404567,43368.92578686,13.37512676
santo antonio da alegria,2062.33745317,1360.03900544,697.06358346,5.23486427
santo antonio de posse,6297.99999999,3936.95777505,2347.07161888,13.97060606
santo antonio do aracangua,2425.79653535,1642.90743831,768.43527438,14.45382266
santo antonio do jardim,1820,948.07876826,813.12090227,58.80032947
santo antonio do pinhal,1992.61690028,712.95570397,1272.72441838,6.93677793
santo expedito,966.00000002,630.78851881,328.39944707,6.81203414
santopolis do aguapei,1346.99999998,1113.25475864,233.74524134,-
santos,144587.10539435,122123.95622332,22449.13649223,14.0126788
sao bento do sapucai,3336.99150123,1680.31552921,1637.64075802,19.035214
sao bernardo do campo,239283.94307688,179564.41747978,59719.5255971,-
sao caetano do sul,50488.5311924,43794.39981656,6694.13137584,-
sao carlos,71613.31099517,60078.10058136,11489.03612607,46.17428774
sao francisco,964,741.07138924,216.04922249,6.87938827
sao joao da boa vista,27584.13589585,23044.69552772,4491.3190374,48.12133073
sao joao das duas pontes,851.99999999,675.02709394,174.31460781,2.65829824
sao joao de iracema,590.99999999,425.04399399,163.53814126,2.41786474
sao joao do pau d'alho,728.99999999,571.63440143,151.46774991,5.89784865
sao joaquim da barra,14421.79691906,12061.70856889,2340.2967786,19.79157157
sao jose da bela vista,2506,1705.71212001,764.50775122,35.78012877
sao jose do barreiro,1303.98251848,692.58500455,570.09896248,41.29855145
sao jose do rio pardo,15878.8647549,12488.00966886,3291.37413767,99.48094837
sao jose do rio preto,137127.09516963,108558.45520529,28536.27618213,32.36378221
sao jose dos campos,189450.14707798,149490.4221604,39874.43501167,85.28990591
sao lourenco da serra,4291.00520001,1742.15853744,2532.45200058,16.39466199
sao luis do paraitinga,3464.99999999,1531.90530346,1894.37832299,38.71637354
sao manuel,11506.99999999,9414.43190006,2092.56809993,-
sao miguel arcanjo,9472.01414157,4832.94673663,4480.44047563,158.62692931
sao paulo,3573509.44927521,2653462.65796234,918996.59809791,1050.19321496
sao pedro,10384.99999997,7419.76914981,2914.1439416,51.08690856
sao pedro do turvo,2335.65214057,1496.08874135,801.82854928,37.73484994
sao roque,23727.89538698,12826.51984427,10781.89598066,119.47956205
sao sebastiao,23605.00503743,11991.50058508,11613.50445235,-
sao sebastiao da grama,3696.39670505,2287.51526771,1370.59972725,38.28171009
sao simao,4420.23479495,3506.51704761,907.01491037,6.70283697
sao vicente,101670.90816995,69535.61265517,32113.3131354,21.98237938
sarapui,2834.99999998,1338.91734993,1463.78095543,32.30169462
sarutaia,1145,845.72364998,296.97204956,2.30430046
sebastianopolis do sul,1054.99999999,773.48493886,280.51506113,1
serra azul,2576,1722.23150095,825.53795055,28.2305485
serra negra,8679,5418.1135611,3177.64826437,83.23817453
serrana,11146.36360674,8726.1969781,2420.16662864,-
sertaozinho,33063.02661824,27101.814835,5961.21178324,-
sete barras,3967.00000003,1725.32828341,2191.1008248,50.57089182
severinia,4651.00000003,3537.34550289,1109.06533491,4.58916223
silveiras,1787.99999999,752.10061962,1015.34038058,20.55899979
socorro,12142.99999999,6168.34473612,5869.33847621,105.31678766
sorocaba,178733.2991565,142375.45477898,36335.93712405,21.90725347
sud mennucci,2420.99999997,1874.39777663,546.60222334,-
sumare,73514.6202968,56958.58785285,16504.80568389,51.22676006
suzanapolis,1094.99999999,671.99032678,387.43361886,35.57605435
suzano,74746.73696558,46128.91320254,28469.60669084,148.2170722
tabapua,3750.03815974,3109.06262048,634.71251092,6.26302834
tabatinga,4600.83953568,3462.53331172,1126.14679613,12.15942783
taboao da serra,72316.05886525,49994.14306048,22321.91580477,-
taciba,1800.15093911,1336.93866625,450.0247194,13.18755346
taguai,3138.25335763,2248.82598925,875.52677701,13.90059137
taiacu,1826,1338.37525616,472.89018708,14.73455676
taiuva,1774.11670466,1449.1113785,319.11342055,5.89190561
tambau,6849.0323533,5200.70682568,1611.61946909,36.70605853
tanabi,8104.96975535,5895.06569882,2171.55954537,38.34451116
tapirai,2347.74926805,1087.64069355,1202.13731776,57.97125674
tapiratiba,3815.51581149,2837.6736896,958.94873076,18.89339113
taquaral,848.41572867,692.04227565,155.37345302,1
taquaritinga,17417.49153436,14207.83350438,3134.92775343,74.73027655
taquarituba,6866.67500122,5117.94029677,1695.21098881,53.52371564
taquarivai,1422.12242947,588.25710953,807.52368626,26.34163368
tarabai,2023,1628.13740514,379.59837731,15.26421755
taruma,3973.99999997,3212.10558822,746.50710734,15.38730441
tatui,32506.59119437,23987.17341969,8458.92530007,60.49247461
taubate,83755.84929962,67724.33908989,16023.52442506,7.98578467
tejupa,1389.07287028,666.07483122,658.82403998,64.17399908
teodoro sampaio,6625.69767357,4599.25831284,1898.13611731,128.30324342
terra roxa,2698.00410903,2045.01651955,652.98758948,-
tiete,11486.00000002,8764.84484353,2696.83535187,24.31980462
timburi,876.99999998,563.07516034,308.83307969,5.09175995
torre de pedra,782.61651477,413.66539034,363.73742007,5.21370436
torrinha,2941.37049143,2137.32970612,793.1367616,10.90402371
trabiju,463.99999999,326.9949635,131.1052717,5.89976479
tremembe,10655.30253797,7518.11492788,3102.86457555,34.32303454
tres fronteiras,1861.49755579,1398.88844501,438.77518756,23.83392322
tuiuti,1895.48615063,551.709345,1329.35903742,14.41776821
tupa,20819.22263164,17823.76205808,2933.15382981,62.30674375
tupi paulista,4569,3667.7495228,874.55015478,26.70032242
turiuba,702.99999999,537.5102101,158.62017283,6.86961706
turmalina,712.40178836,493.97737969,213.839973,4.58443567
ubarana,1602.01597283,1177.893596,420.57408284,3.54829399
ubatuba,25103.03826076,10637.87893439,14440.72205718,24.43726919
ubirajara,1443.05556017,875.04768387,548.34931709,19.65855921
uchoa,3113,2558.45230286,548.59253754,5.9551596
uniao paulista,508.99999999,367.18388578,136.18425401,5.6318602
urania,3022.1675285,2397.539878,605.77299152,18.85465898
uru,438,351.37305834,82.17939013,4.44755153
urupes,4242.99999999,3378.97617256,859.62602017,4.39780726
valentim gentil,3549.45307298,2880.95581253,658.35505133,10.14220912
valinhos,33635.00000002,26535.23825997,7077.90510166,21.85663839
valparaiso,6163.80505166,4829.82482384,1305.30928094,28.67094688
vargem,2779.37524677,826.53653386,1949.60898247,3.22973044
vargem grande do sul,12359.97348428,9911.2450355,2303.3746376,145.35381118
vargem grande paulista,12535.96588026,7184.08650801,5333.01775734,18.86161491
varzea paulista,31592.73435245,20933.46048608,10659.27386637,-
vera cruz,3296.75834863,2405.40928103,851.51713194,39.83193566
vinhedo,19350.37016009,15106.48235053,4199.46893198,44.41887758
viradouro,5385.80690789,4310.52954088,1069.98335857,5.29400844
vista alegre do alto,2085.53316463,1592.7640771,489.41930082,3.34978671
vitoria brasil,558.00000001,428.00069019,129.99930982,-
votorantim,31957.28794037,23525.69490265,8407.92440865,23.66862907
votuporanga,29161.00000001,25968.22226927,3174.17509009,18.60264065
zacarias,799.00000002,586.69008955,205.8099883,6.49992217
