folder;file_name;number_of_words;pct_pol_neg;pct_pol_pos;pct_pol_neu
ciclo_3;8998-Santo Antônio de Jesus-BA.pdf;45543;0.015062559095806673;0.03230204279086131;0.9540866811794975
ciclo_3;9024-Ulianópolis-PA.pdf;17432;0.018944830357655432;0.022159710660772707;0.9596417704805098
ciclo_3;9010-Aldeias Altas-MA.pdf;59605;0.02276277991499655;0.024140306079594134;0.9544072437717338
ciclo_3;9034-Paraíba do Sul-RJ.pdf;15486;0.0143420117578655;0.029007041798565787;0.9571031720395374
ciclo_3;9045-Governador Celso Ramos-SC.pdf;5177;0.011985308331722401;0.025130485211676008;0.9636574521554223
ciclo_3;9016-Pirajuba-MG.pdf;13512;0.0176741422842715;0.026808257834546274;0.958933610574781
ciclo_3;9018-Naviraí-MS.pdf;40637;0.014626445995609604;0.029104900969341197;0.9585871790444713
ciclo_3;9015-Nova Lima-MG.pdf;22943;0.012481997119539127;0.024222057347357395;0.9646052459302579
ciclo_3;9014-Fronteira-MG.pdf;9080;0.015764524308235037;0.022819975746885678;0.9624076728034395
ciclo_3;9019-Paranhos-MS.pdf;28350;0.013242460625750409;0.024754573063069427;0.9631329896179108
ciclo_3;9033-São José dos Pinhais-PR.pdf;45624;0.01606425702811245;0.03563982706783418;0.9495468211644391
ciclo_3;9025-Pedras de Fogo-PB.pdf;38710;0.014631750381304447;0.031279890391127885;0.9547863402528243
ciclo_3;9013-Florestal-MG.pdf;18035;0.016150516150516155;0.030636030636030636;0.9541569541569541
ciclo_3;9002-Paramoti-CE.pdf;11670;0.013637533236126596;0.026331589330131237;0.960974354575864
ciclo_3;9021-RESERVA DO CABAÇAL-MT.pdf;30454;0.014328436688685137;0.025009037431397683;0.9614841105524335
ciclo_3;9006-Abadiânia-GO.pdf;31389;0.016281445536968454;0.02461371472353467;0.961179925935385
ciclo_3;9048-Barra dos Coqueiros-SE.pdf;9586;0.014830287206266318;0.02600522193211488;0.9603133159268931
ciclo_3;8997-Nilo Peçanha-BA.pdf;22840;0.014996711247533434;0.03073887305415479;0.955799166849375
ciclo_3;9029-Ilha de Itamaracá-PE.pdf;37716;0.014648515245601465;0.02828861820980283;0.9579385929994959
ciclo_3;9037-Poço Branco-RN.pdf;37426;0.016805373437876314;0.02571650298375659;0.9590034520591935
ciclo_3;9044-Putinga-RS.pdf;12146;0.011626948132266841;0.03133503751958439;0.9586047662241279
ciclo_3;9028-Belém de Maria-PE.pdf;40084;0.009511921108475842;0.02539008862813631;0.9658219947572088
ciclo_3;9052-Guararema-SP.pdf;7458;0.008459782462736673;0.0268564522626561;0.9661608701490533
ciclo_3;9047-Navegantes-SC.pdf;6405;0.014082303238929745;0.023939915506180565;0.9641683617587232
ciclo_3;9023-Santa Luzia do Pará-PA.pdf;11319;0.011583694402688123;0.03731541250331593;0.9519851445751173
ciclo_3;9009-Valparaíso de Goiás-GO.pdf;22731;0.014632641368063819;0.02970602494600908;0.9575124509674292
ciclo_3;8996-Madre de Deus-BA.pdf;7414;0.011744060475161988;0.028347732181425483;0.9607181425485961
ciclo_3;9046-Ibicaré-SC.pdf;3050;0.012483574244415242;0.028909329829172138;0.9605781865965832
ciclo_3;9026-Sobrado-PB.pdf;61093;0.013950819672131149;0.025934426229508197;0.9616393442622952
ciclo_3;9012-Humberto de Campos-MA.pdf;40702;0.020872304814413704;0.028576351284828192;0.9523727478586196
ciclo_3;8994-Macapá-AP.pdf;25614;0.011292591434823383;0.022936855267271024;0.9666301969365427
ciclo_3;9050-Porto da Folha-SE.pdf;35122;0.018444083354713647;0.024459078080903102;0.9583226431768295
ciclo_3;9031-Adrianópolis-PR.pdf;17001;0.017845573944284116;0.026444431356381422;0.9570057129395135
ciclo_3;9035-São Gonçalo-RJ.pdf;23128;0.013770406616723685;0.025159139133070624;0.9625860650413544
ciclo_3;9008-Monte Alegre de Goiás-GO.pdf;19755;0.01895686552790308;0.03086826499062294;0.9514927264433068
ciclo_3;9043-Pinhal da Serra-RS.pdf;10845;0.01623616236162361;0.024169741697416976;0.9600553505535054
ciclo_3;9049-Maruim-SE.pdf;26165;0.015992654091900368;0.024027241075869454;0.9610513830967593
ciclo_3;9040-Encantado-RS.pdf;36981;0.012208111429741911;0.033729345896490515;0.9640584459920798
ciclo_3;9056-Santa Maria do Tocantins-TO.pdf;8489;0.01391345360216956;0.030656762174271896;0.9563730692135362
ciclo_3;9039-Normandia-RR.pdf;23678;0.013696313831586067;0.027730808251606363;0.9595028745350016
ciclo_3;9032-Rio Negro-PR.pdf;25651;0.014253914945132194;0.031085250126918425;0.9563791150857187
ciclo_3;8991-Plácido de Castro-AC.pdf;18372;0.014057647251130607;0.04004794856426742;0.9469296572767396
ciclo_3;9000-Canindé-CE.pdf;22029;0.01768825027282648;0.028965078210258278;0.9550291014914516
ciclo_3;9041-Glorinha-RS.pdf;4920;0.013018714401952805;0.02583401139137511;0.9619609438567942
ciclo_3;9055-São Paulo-SP.pdf;30106;0.012638861172088074;0.03488990886715892;0.9538016363999202
ciclo_3;9007-Iaciara-GO.pdf;12242;0.01431609947643979;0.02495091623036649;0.962205497382199
ciclo_3;9038-Alto Paraíso-RO.pdf;23641;0.016410125938175812;0.027519823601747012;0.9585294491794936
ciclo_3;9057-Campina Grande-PB.pdf;60594;0.013484260100801452;0.026340576716516566;0.9614806246385195
ciclo_3;9027-Abreu e Lima-PE.pdf;29469;0.01119199891141652;0.03303170499387671;0.9582596271601579
ciclo_3;9051-Barueri-SP.pdf;36483;0.012600889474551145;0.02292318673474991;0.9660407401306759
ciclo_3;9001-Ibaretama-CE.pdf;8197;0.016117216117216115;0.027838827838827834;0.9568986568986569
ciclo_3;9022-Marituba-PA.pdf;21918;0.012336653568491274;0.03006488165950836;0.9590605866764141
ciclo_3;9020-Indiavaí-MT.pdf;37148;0.016239546803345023;0.031939573779336386;0.9539250067439979
ciclo_3;9054-São Bernardo do Campo-SP.pdf;20463;0.010666405714844894;0.032782072609844407;0.9577747333398572
ciclo_3;8993-Matriz de Camaragibe-AL.pdf;31248;0.014933982822715037;0.02865017305473657;0.9578259197538777
ciclo_3;9005-Serra-ES.pdf;30043;0.018769169222563005;0.025436724896652885;0.9573609814641952
ciclo_3;9011-Altamira do Maranhão-MA.pdf;58296;0.020699488095647093;0.025354725667365238;0.9553543821073969
ciclo_3;8992-Maragogi-AL.pdf;41354;0.017027976262565095;0.029017803076177788;0.9556255298534577
ciclo_3;8995-Ilhéus-BA.pdf;41040;0.016513000634177273;0.02778184301673252;0.9567295965656861
ciclo_3;9004-Rio Bananal-ES.pdf;15561;0.010033444816053512;0.034023668639053255;0.956779006946231
ciclo_3;9017-Vespasiano-MG.pdf;31043;0.014584408879710895;0.028136293236964375;0.9589248838409912
ciclo_3;9036-Jardim de Angicos-RN.pdf;76538;0.014529589791292727;0.027591808927378253;0.9606430227835497
ciclo_3;9053-Praia Grande-SP.pdf;11435;0.011469094729469446;0.030642619506216082;0.959026440203117
ciclo_3;9030-Brasileira-PI.pdf;24417;0.017512201123733747;0.021859492269203952;0.962022720748062
ciclo_3;8999-Teolândia-BA.pdf;29162;0.019731188340036437;0.027946787666288546;0.9547626413667458
ciclo_3;9003-Redenção-CE.pdf;5407;0.013131126317736266;0.029221379692990566;0.9576474939892732
ciclo_3;9042-Minas do Leão-RS.pdf;5253;0.011426394972386216;0.02494762902304323;0.9640068558369835
ciclo_4;10084-Palmeira dos Índios-AL.pdf;36749;0.01522372613633269;0.029004057844712543;0.9565892317328905
ciclo_4;10243-Januária-MG.pdf;17877;0.01584901433691756;0.021953405017921146;0.9633736559139785
ciclo_4;10408-Regeneração-PI.pdf;50562;0.018446601941747572;0.029066772340003964;0.954309490786606
ciclo_4;10320-Bagé-RS.pdf;30236;0.01620278330019881;0.025745526838966203;0.9599072233267064
ciclo_4;10644-Casa Nova-BA.pdf;45862;0.01394587516368398;0.024989087734613703;0.9619816673941511
ciclo_4;10640-Serrinha-BA.pdf;60478;0.018180011921319295;0.02839592025961984;0.9547817736273925
ciclo_4;10440-Mazagão-AP.pdf;43519;0.013692955607207787;0.024394173014521438;0.9634317538489864
ciclo_4;10359-Rorainópolis-RR.pdf;24331;0.013827160493827163;0.02646090534979424;0.9609876543209875
ciclo_4;10323-São Borja-RS.pdf;13469;0.01315887294624935;0.028399375511114412;0.9597799420117465
ciclo_4;10374-Jataí-GO.pdf;51410;0.013757624179121929;0.0247091607069782;0.9633454800553423
ciclo_4;10379-São Domingos-SC.pdf;36466;0.013041210224308816;0.03151854597369794;0.9566208165170359
ciclo_4;10407-Oeiras-PI.pdf;50172;0.018073973478191403;0.025742930180540025;0.9581802204825052
ciclo_4;10291-Criciúma-SC.pdf;15409;0.010007147962830592;0.02703229579569822;0.9642601858470337
ciclo_4;10383-Caldas Novas-GO.pdf;29277;0.014231466593684789;0.021141938353118263;0.9662002668399985
ciclo_4;10311-Manhuaçu-MG.pdf;26903;0.014373487246322848;0.02472537702476262;0.9626885123813071
ciclo_4;10289-Estância-SE.pdf;55924;0.019206673110657643;0.02507786489098915;0.9567536605448753
ciclo_4;10403-Tobias Barreto-SE.pdf;26741;0.015798734603721314;0.026281307326569577;0.9590430908614428
ciclo_4;10333-Princesa Isabel-PB.pdf;37410;0.015119079475515117;0.022665239496922663;0.9632860583355632
ciclo_4;10309-Sete Lagoas-MG.pdf;33359;0.013768224860964979;0.02444010220952953;0.9646174658049
ciclo_4;10436-Cosmópolis-SP.pdf;14335;0.011519128734990223;0.023736386484222296;0.9655124266964535
ciclo_4;10453-Imperatriz-MA.pdf;34759;0.020341131727555608;0.02783220006914832;0.9532960700703006
ciclo_4;10346-São Bento-PB.pdf;49304;0.01543617345384381;0.030181781253173556;0.9557834873565554
ciclo_4;10327-Cruzeiro do Sul-AC.pdf;17047;0.02061916230981614;0.023615108970216764;0.9571755859719204
ciclo_4;10356-Lages-SC.pdf;49142;0.01577274209325073;0.02630828170850994;0.95934545158135
ciclo_4;10541-Serra Talhada-PE.pdf;76362;0.013716054077444566;0.026225724813469534;0.9613826202121661
ciclo_4;10089-Hortolândia-SP.pdf;25847;0.010885144295951967;0.028820453224869258;0.9615339918651948
ciclo_4;10237-Guarapuava-PR.pdf;5231;0.017597551644988524;0.041507268553940324;0.9414690130068861
ciclo_4;10416-Crateús-CE.pdf;1646;0.010935601458080193;0.022478736330498184;0.9665856622114217
ciclo_4;10321-Uruguaiana-RS.pdf;18067;0.012248517430582495;0.02288976334312475;0.9661918749653604
ciclo_4;10009-Cianorte-PR.pdf;11192;0.015215251051642356;0.030251499149735968;0.9562337778573347
ciclo_4;10335-Colatina-ES.pdf;25873;0.010759346698660889;0.025350259307995972;0.9652449880021674
ciclo_4;10331-Nova Venécia-ES.pdf;36675;0.010459908236836358;0.02438824557570461;0.9667631636443085
ciclo_4;10402-Itabaiana-SE.pdf;113873;0.013412724937993632;0.02416049534732361;0.9639659448715017
ciclo_4;10332-Petrolina-PE.pdf;107583;0.012005886516895792;0.027970269364032636;0.9620636339927722
ciclo_4;10279-Içara-SC.pdf;29983;0.01298701298701299;0.024271358461589822;0.9637431976763596
ciclo_4;10319-Cruz Alta-RS.pdf;31518;0.012676324818909642;0.025575041301308932;0.9630829838607193
ciclo_4;10430-Juazeiro do Norte-CE.pdf;21772;0.021766140536560664;0.03147577193870508;0.948644793152639
ciclo_4;10062-Arapiraca-AL.pdf;33048;0.015550638091485039;0.029312801236775893;0.9569250356179333
ciclo_4;10305-Gurupi-TO.pdf;5837;0.009807295251204409;0.03286304198210599;0.9616311080523056
ciclo_4;10410-Sobral-CE.pdf;10215;0.012634671890303624;0.03134182174338884;0.956513222331048
ciclo_4;10337-Santa Maria-RS.pdf;66714;0.014288930581613507;0.027977485928705435;0.9590694183864915
ciclo_4;10314-Goiás-GO.pdf;14173;0.017034209782301392;0.023748939779474135;0.9609838846480067
ciclo_4;10343-Dionísio Cerqueira-SC.pdf;25100;0.01591861160981448;0.021504089367644127;0.9639736684619988
ciclo_4;10395-Três Lagoas-MS.pdf;55774;0.014402183672736418;0.02821175879036024;0.9589663470172035
ciclo_4;9958-Itapeva-SP.pdf;23237;0.008711026779938761;0.0255724697054638;0.9677864504722067
ciclo_4;10091-Piancó-PB.pdf;111675;0.019869271669251946;0.024307579194648928;0.9571322256991456
ciclo_4;10400-Piracicaba-SP.pdf;21587;0.012667037861915366;0.027375649591685227;0.9615812917594656
ciclo_4;10642-Barreiras-BA.pdf;38040;0.018589220358619235;0.023460333342110114;0.9595565970668001
ciclo_4;10435-Sorocaba-SP.pdf;32593;0.012630220337420485;0.02470729233889555;0.9642604714053041
ciclo_4;10325-Cachoeira do Sul-RS.pdf;3135;0.014691791759821144;0.028744809964867453;0.9578409453848611
ciclo_4;10088-Araçatuba-SP.pdf;24093;0.007560651379195745;0.02480059820538385;0.9685111332668659
ciclo_4;10643-Feira de Santana-BA.pdf;24557;0.013971158952571594;0.030556803791004533;0.9586584419298174
ciclo_4;10437-Tabatinga-AM.pdf;14181;0.014042763390021874;0.019899795356714423;0.9667631077552749
ciclo_4;10317-Santo Ângelo-RS.pdf;42797;0.01265822784810126;0.027469056365380565;0.9612297901214348
ciclo_4;10292-Lagarto-SE.pdf;11894;0.012460010102710898;0.027445697928944267;0.9614413200875567
ciclo_4;10368-Itaituba-PA.pdf;25113;0.017281979644781485;0.028457393733785672;0.9565755338255838
ciclo_4;10308-Canguaretama-RN.pdf;58945;0.013189652241900943;0.02724615018526702;0.961450861746609
ciclo_4;10391-Catalão-GO.pdf;46603;0.01952445389522521;0.022832227162403077;0.9586313551130873
ciclo_4;10247-Barbacena-MG.pdf;24027;0.022737702866202192;0.022821143977637782;0.9568609453877926
ciclo_4;10322-Alegrete-RS.pdf;31960;0.015376906454542606;0.024458989696533148;0.9610723121731235
ciclo_4;10315-Teófilo Otoni-MG.pdf;33519;0.015004333921152526;0.023522730669217208;0.9633260603162266
ciclo_4;10318-Curvelo-MG.pdf;48124;0.014704657169041072;0.02736815796050987;0.9602599350162458
ciclo_4;10406-Caracol-PI.pdf;28908;0.016872228381374723;0.028478381374722837;0.956173780487805
ciclo_4;10313-Barbalha-CE.pdf;11475;0.014825150431673498;0.032092090346210855;0.9537804133600767
ciclo_4;10245-Nova Xavantina-MT.pdf;56714;0.012832750026513946;0.029236044826245273;0.9604058401385795
ciclo_4;10638-Alagoinhas-BA.pdf;96600;0.015719292424462374;0.025932684929802368;0.9599863130171502
ciclo_4;9947-Cachoeiro de Itapemirim-ES.pdf;24968;0.010222899294419496;0.025016035920461845;0.9657232200128287
ciclo_4;10046-Araras-SP.pdf;34088;0.012193330395181435;0.02573821066549141;0.9636256794476274
ciclo_4;10588-Garanhuns-PE.pdf;99949;0.014417340912964578;0.027040033687249977;0.9606280265888651
ciclo_4;10193-Goianinha-RN.pdf;34417;0.01338843937365388;0.027882880260783515;0.9604458932417486
ciclo_4;10310-Passos-MG.pdf;22333;0.010042591347231558;0.02434431741761937;0.966868415153553
ciclo_4;10424-Breves-PA.pdf;42519;0.017754827756949844;0.02702129164603522;0.9577703897573743
ciclo_4;9802-Campo Verde-MT.pdf;25871;0.01945359426467739;0.031273009106762256;0.951831040496028
ciclo_4;10641-Jequié-BA.pdf;50387;0.01578591594099169;0.027297308044057417;0.95868623006879
ciclo_4;10090-Salinas-MG.pdf;15614;0.013479684190256112;0.026381667629501247;0.9623852622119518
ciclo_4;10281-Araguaína-TO.pdf;4153;0.011838608359507128;0.03334138680840782;0.9582024643633729
ciclo_4;10362-Ceres-GO.pdf;24656;0.016249593760156;0.025755606109847257;0.9596197595060124
ciclo_4;10365-Caruaru-PE.pdf;79216;0.013071564921684386;0.024777821321568083;0.9635791310064094
ciclo_4;10345-Alexandria-RN.pdf;33907;0.015157334909144633;0.030285123356478063;0.9563894223666716
ciclo_4;10405-Bom Jesus-PI.pdf;28389;0.015994068424954985;0.03664866009956573;0.9496875331003072
ciclo_4;10238-Umuarama-PR.pdf;23834;0.01617918977979493;0.02391158177845016;0.9615061354849556
ciclo_4;10434-Pinheiro-MA.pdf;67563;0.02293258176963583;0.026344285396425127;0.9529184899503077
ciclo_4;9824-Cornélio Procópio-PR.pdf;50329;0.016267771096332283;0.02723905857990522;0.9586237107243839
ciclo_4;10639-Paulo Afonso-BA.pdf;57365;0.01239395314736585;0.02684774639527983;0.9621373459483992
ciclo_4;10388-Sertãozinho-SP.pdf;12101;0.008440215142738934;0.027306578402978905;0.9655771617707902
ciclo_4;10442-Viçosa-MG.pdf;11033;0.01733212341197822;0.03003629764065335;0.9538112522686026
ciclo_4;10286-Cascavel-PR.pdf;49388;0.011384621628751748;0.025549444974328792;0.9653185055908435
ciclo_4;10438-Icó-CE.pdf;15786;0.01554765833227567;0.021766721665185937;0.9644624952405128
ciclo_4;10287-Londrina-PR.pdf;21393;0.010018726591760303;0.02743445692883895;0.9640917602996255
ciclo_4;10312-Juiz de Fora-MG.pdf;39386;0.016970282922857724;0.026943822511703644;0.9581721962141257
ciclo_4;10324-Santa Rosa-RS.pdf;19809;0.01370140047525153;0.02876788513069416;0.9590474745942665
ciclo_4;10361-Rio Verde-GO.pdf;22092;0.014372506347479146;0.020266594124047885;0.9669931084512151
ciclo_4;10371-Aquidauana-MS.pdf;75975;0.015993776535428914;0.026304686057857123;0.9594551831439044
ciclo_4;10444-Itaperuna-RJ.pdf;90415;0.013727923416136678;0.02648082079464622;0.9615751102444212
edicoes_anteriores/sorteio_34;1842-São Raimundo do Doca Bezerra-MA.pdf;29454;0.022432193596628375;0.03184691727278908;0.9468085106382979
edicoes_anteriores/sorteio_34;1878-Arujá-SP.pdf;7358;0.01620149761742682;0.032266848196051745;0.9533015656909463
edicoes_anteriores/sorteio_34;1877-Lagarto-SE.pdf;40677;0.017992704328108053;0.02935522034900917;0.9552400670413093
edicoes_anteriores/sorteio_34;1860-Santa Cruz do Capibaribe-PE.pdf;63606;0.016793748818451068;0.03239019471926397;0.9528640746108765
edicoes_anteriores/sorteio_34;1840-Santo Antônio da Barra-GO.pdf;14416;0.016943267828623015;0.03340045830150683;0.9506978682035968
edicoes_anteriores/sorteio_34;1864-Paranaguá-PR.pdf;6908;0.01870107277471731;0.032183241519280946;0.9505653812699333
edicoes_anteriores/sorteio_34;1876-Japaratuba-SE.pdf;41450;0.018450898362875726;0.026116605808526584;0.957778153942882
edicoes_anteriores/sorteio_34;1825-Manoel Urbano-AC.pdf;24241;0.01781359785079562;0.03050216986980781;0.9535854515395743
edicoes_anteriores/sorteio_34;1872-Muçum-RS.pdf;14689;0.019766887056097065;0.02685570172449049;0.9546043214504807
edicoes_anteriores/sorteio_34;1875-Benedito Novo-SC.pdf;19723;0.019403667394727493;0.03276273683141159;0.949662213643521
edicoes_anteriores/sorteio_34;1835-Itapagé-CE.pdf;53466;0.016446259318922563;0.027441651369272835;0.9576106095230961
edicoes_anteriores/sorteio_34;1883-Taubaté-SP.pdf;7476;0.019269369731031712;0.030376020339890276;0.9507560551318078
edicoes_anteriores/sorteio_34;1831-Lamarão-BA.pdf;15936;0.01880148399673018;0.02917688486449098;0.9540967113123309
edicoes_anteriores/sorteio_34;1882-Santa Albertina-SP.pdf;18608;0.017051261363025115;0.03501694368242698;0.9488462159109247
edicoes_anteriores/sorteio_34;1857-Manaíra-PB.pdf;13309;0.023443389115030907;0.03346901854364541;0.9463289612543344
edicoes_anteriores/sorteio_34;1865-Roncador-PR.pdf;21394;0.025749063670411985;0.03267790262172284;0.9431647940074908
edicoes_anteriores/sorteio_34;1837-São Mateus-ES.pdf;13797;0.017414018284719203;0.039907125235814835;0.943767232622261
edicoes_anteriores/sorteio_34;1836-Jaguaribe-CE.pdf;48899;0.019707864708172006;0.02972568782906193;0.9523282732059082
edicoes_anteriores/sorteio_34;1828-América Dourada-BA.pdf;29189;0.02146586069515043;0.029777441956312677;0.9512639098777305
edicoes_anteriores/sorteio_34;1843-Borda da Mata-MG.pdf;20245;0.020817880630964736;0.023636453542995598;0.9566335360727884
edicoes_anteriores/sorteio_34;1829-Aurelino Leal-BA.pdf;23741;0.021311613774476705;0.034520594193112764;0.9460668467251856
edicoes_anteriores/sorteio_34;1838-Edealina-GO.pdf;6449;0.021438558334627933;0.0332453006058723;0.9471803635233805
edicoes_anteriores/sorteio_34;1850-Selvíria-MS.pdf;43778;0.017322654462242564;0.029954233409610988;0.9545080091533181
edicoes_anteriores/sorteio_34;1861-Betânia do Piauí-PI.pdf;34608;0.015504772924501014;0.02655481631472375;0.9590396297367659
edicoes_anteriores/sorteio_34;1869-Upanema-RN.pdf;14746;0.020097772949483967;0.028109722976643117;0.9530146659424225
edicoes_anteriores/sorteio_34;1863-Araucária-PR.pdf;9521;0.022794117647058822;0.026995798319327732;0.9503151260504201
edicoes_anteriores/sorteio_34;1884-Novo Acordo-TO.pdf;22047;0.016721192293711377;0.025808796801163214;0.9592420937840784
edicoes_anteriores/sorteio_34;1839-Nova Glória-GO.pdf;9377;0.020933461497383312;0.03150699562106162;0.9490547901313681
edicoes_anteriores/sorteio_34;1846-Durandé-MG.pdf;19101;0.015772374764200372;0.029448752881995388;0.9556696709285265
edicoes_anteriores/sorteio_34;1844-Campo Belo-MG.pdf;6945;0.028740612362796066;0.029318313113807046;0.9449740034662044
edicoes_anteriores/sorteio_34;1832-Ubaíra-BA.pdf;18686;0.016125575913425477;0.027536697739204967;0.9574091931854709
edicoes_anteriores/sorteio_34;1848-Nova Ponte-MG.pdf;16963;0.02278915591334202;0.025748786551438377;0.9555463478157925
edicoes_anteriores/sorteio_34;1833-Boa Viagem-CE.pdf;38150;0.019728891924552093;0.03252246098880891;0.9499553407240056
edicoes_anteriores/sorteio_34;1867-Fernando Pedroza-RN.pdf;17834;0.015501263689974723;0.027071047458579058;0.9590564448188711
edicoes_anteriores/sorteio_34;1855-Primavera-PA.pdf;32559;0.020256749684450327;0.028538004494658747;0.9535449311947788
edicoes_anteriores/sorteio_34;1826-Feliz Deserto-AL.pdf;29750;0.02489403216039831;0.030108322680481737;0.9458050191751329
edicoes_anteriores/sorteio_34;1870-Arroio dos Ratos-RS.pdf;13652;0.01980052801408038;0.02838075682018188;0.9529920797887945
edicoes_anteriores/sorteio_34;1834-Iracema-CE.pdf;20259;0.017050509044183055;0.02891173272709301;0.9552733023623604
edicoes_anteriores/sorteio_34;1879-Cesário Lange-SP.pdf;18095;0.021369650667109566;0.03127941095056193;0.9491225156397054
edicoes_anteriores/sorteio_34;1873-Segredo-RS.pdf;13875;0.022358456545257845;0.02574828705373242;0.9526144969347277
edicoes_anteriores/sorteio_34;1847-Minduri-MG.pdf;17059;0.020838224935430853;0.02529936604836816;0.9552124911951162
edicoes_anteriores/sorteio_34;1862-Floriano-PI.pdf;26304;0.01702532850885546;0.02902304322986098;0.9558179394401065
edicoes_anteriores/sorteio_34;1853-Bagre-PA.pdf;24533;0.01911608528714974;0.030226288701903435;0.9527407891512132
edicoes_anteriores/sorteio_34;1866-Maricá-RJ.pdf;8713;0.01723741668581935;0.029188692254654095;0.9548379682831531
edicoes_anteriores/sorteio_34;1852-Santo Antônio do Leste-MT.pdf;43283;0.018054719688903292;0.031317994537289943;0.95250219897227
edicoes_anteriores/sorteio_34;1851-Reserva do Cabaçal-MT.pdf;26512;0.02066724600445839;0.026372463822873768;0.9546605206483545
edicoes_anteriores/sorteio_34;1881-Pratânia-SP.pdf;4519;0.021262458471760795;0.03565891472868218;0.9439645625692138
edicoes_anteriores/sorteio_34;1874-Bandeirante-SC.pdf;10662;0.01700169077587827;0.03146721773436032;0.9530340033815519
edicoes_anteriores/sorteio_34;1856-Curral de Cima-PB.pdf;32893;0.014801279122887163;0.02941982640475103;0.9575453022689203
edicoes_anteriores/sorteio_34;1849-Santana de Cataguases-MG.pdf;11743;0.019616204690831564;0.030788912579957358;0.9511300639658848
edicoes_anteriores/sorteio_34;1868-João Câmara-RN.pdf;25172;0.017972166998011924;0.02803180914512922;0.9548707753479125
edicoes_anteriores/sorteio_34;1845-Caputira-MG.pdf;25375;0.017671886710583416;0.027967338566525973;0.955307482939529
edicoes_anteriores/sorteio_34;1871-Bento Gonçalves-RS.pdf;17416;0.010979535525408137;0.028282363761784314;0.96188779029662
edicoes_anteriores/sorteio_34;1858-Caruaru-PE.pdf;72647;0.015694974576621515;0.026718661724380262;0.9586336139780354
edicoes_anteriores/sorteio_34;1841-Bela Vista do Maranhão-MA.pdf;49787;0.020356029367394148;0.0329075731670522;0.9481846525193605
edicoes_anteriores/sorteio_34;1827-Urucurituba-AM.pdf;44635;0.018287073395112974;0.02775596293221442;0.955482756299504
edicoes_anteriores/sorteio_34;1830-Canápolis-BA.pdf;40936;0.015065544903150067;0.02741635687732342;0.9586920367834083
edicoes_anteriores/sorteio_34;1859-Quipapá-PE.pdf;66134;0.0189951073208416;0.02818970871139252;0.9545874547465046
edicoes_anteriores/sorteio_35;1897-Palminópolis-GO.pdf;13007;0.020313942751615882;0.022776238842720835;0.9577562326869805
edicoes_anteriores/sorteio_35;1896-Diorama-GO.pdf;5998;0.022867634785511595;0.026039058587881816;0.9522617259222166
edicoes_anteriores/sorteio_35;1916-Agrestina-PE.pdf;71101;0.01901837033697735;0.025963597430406854;0.9566662909951538
edicoes_anteriores/sorteio_35;1920-Santo Antônio dos Milagres-PI.pdf;16264;0.016986706056129987;0.03483505662235352;0.9491629739044807
edicoes_anteriores/sorteio_35;1914-Queimadas-PB.pdf;8767;0.02649309124129268;0.028548589699668846;0.9461002626470252
edicoes_anteriores/sorteio_35;1921-Bituruna-PR.pdf;28530;0.017019932622122404;0.03021476698483998;0.9539584503088152
edicoes_anteriores/sorteio_35;1928-Presidente Médici-RO.pdf;46217;0.018685511141940524;0.027854851296280233;0.9553021763634787
edicoes_anteriores/sorteio_35;1898-Piracanjuba-GO.pdf;28969;0.017594192879363986;0.029484963705496022;0.9542689249913584
edicoes_anteriores/sorteio_35;1937-Nossa Senhora Aparecida-SE.pdf;41064;0.01789118639096642;0.031382900718580437;0.9543921396099134
edicoes_anteriores/sorteio_35;1912-Santa Maria do Pará-PA.pdf;27855;0.02106398274622574;0.03306973400431345;0.9471243709561465
edicoes_anteriores/sorteio_35;1922-Indianópolis-PR.pdf;11523;0.01957883745214062;0.032283327532196315;0.9508353637312914
edicoes_anteriores/sorteio_35;1892-Farias Brito-CE.pdf;30457;0.019305400249950665;0.027132802736302045;0.9552390975465368
edicoes_anteriores/sorteio_35;1926-Parazinho-RN.pdf;21085;0.019539792716554153;0.02624322525435011;0.9566416278406391
edicoes_anteriores/sorteio_35;1935-Sangão-SC.pdf;17643;0.018268467037331218;0.02921820038579372;0.9534778168614547
edicoes_anteriores/sorteio_35;1893-Horizonte-CE.pdf;19022;0.018597544913334388;0.02834413360729151;0.9552183762710078
edicoes_anteriores/sorteio_35;1905-Mesquita-MG.pdf;23433;0.020131646435288083;0.025816378868182593;0.9556334416139511
edicoes_anteriores/sorteio_35;1887-Morro do Chapéu-BA.pdf;50853;0.019693568080664855;0.02782701169797944;0.9539564378274056
edicoes_anteriores/sorteio_35;1906-Patrocínio-MG.pdf;49625;0.04537106182009002;0.018285668153470443;0.9379175328475995
edicoes_anteriores/sorteio_35;1931-Itaara-RS.pdf;6955;0.026770293609671845;0.02921704087507196;0.9450201496833621
edicoes_anteriores/sorteio_35;1909-Colíder-MT.pdf;31834;0.020671428121951985;0.031746531164458996;0.9491866721203158
edicoes_anteriores/sorteio_35;1891-Arneiroz-CE.pdf;37735;0.016393007772089442;0.030106899387251654;0.9544550253322367
edicoes_anteriores/sorteio_35;1934-Jupiá-SC.pdf;7664;0.019884877027734164;0.030743066457352166;0.9519884877027736
edicoes_anteriores/sorteio_35;1929-Uiramutã-RR.pdf;40357;0.0171990171990172;0.02357729630456903;0.9608120517211427
edicoes_anteriores/sorteio_35;1933-Santa Clara do Sul-RS.pdf;12184;0.017662038938634685;0.03097017990635012;0.9522714203565268
edicoes_anteriores/sorteio_35;1888-Nova Ibiá-BA.pdf;12962;0.017608897126969413;0.028653073833796717;0.9548192771084336
edicoes_anteriores/sorteio_35;1917-Orocó-PE.pdf;56461;0.018553994607634454;0.026802185327089542;0.9561515538527032
edicoes_anteriores/sorteio_35;1919-Bela Vista do Piauí-PI.pdf;16759;0.0179265013444876;0.03525545264415894;0.9482521661189125
edicoes_anteriores/sorteio_35;1894-Poranga-CE.pdf;31113;0.018084113653184027;0.026353895163625834;0.9567204041574154
edicoes_anteriores/sorteio_35;1900-Itaipava do Grajaú-MA.pdf;43338;0.017528058750173197;0.028682277954828875;0.9546210336705001
edicoes_anteriores/sorteio_35;1925-Itaú-RN.pdf;18444;0.020363833831115938;0.026120010860711376;0.955090958457779
edicoes_anteriores/sorteio_35;1942-Riversul-SP.pdf;15749;0.021095437793874697;0.0287202948278053;0.9508832126064302
edicoes_anteriores/sorteio_35;1924-Porciúncula-RJ.pdf;6764;0.01985773562537048;0.03334321280379371;0.9491701244813278
edicoes_anteriores/sorteio_35;1885-Santana do Mundaú-AL.pdf;42642;0.017657141515414778;0.028669374721172133;0.9549179365563877
edicoes_anteriores/sorteio_35;1938-Adamantina-SP.pdf;14708;0.025088628306517594;0.026724843196073086;0.9509135533133352
edicoes_anteriores/sorteio_35;1943-São Sebastião da Grama-SP.pdf;12018;0.020425177157148804;0.033513964151729886;0.9479783243017923
edicoes_anteriores/sorteio_35;1911-Bujaru-PA.pdf;40794;0.01952213736708985;0.029369152567345236;0.9528521965474057
edicoes_anteriores/sorteio_35;1940-Palmares Paulista-SP.pdf;20663;0.021288977256195135;0.029581494592890747;0.9511662867950148
edicoes_anteriores/sorteio_35;1908-Antônio João-MS.pdf;27682;0.017394134451958195;0.02737496835786352;0.956279607999132
edicoes_anteriores/sorteio_35;1936-Divina Pastora-SE.pdf;16701;0.017159656806863856;0.03221935561288774;0.9526609467810643
edicoes_anteriores/sorteio_35;1901-Carrancas-MG.pdf;13067;0.017387973956338572;0.027192646495595565;0.9563385675986211
edicoes_anteriores/sorteio_35;1904-Itinga-MG.pdf;26410;0.02028282215566592;0.027069037418963486;0.9538992303901126
edicoes_anteriores/sorteio_35;1902-Cláudio-MG.pdf;16384;0.01790625190979649;0.02536209741489947;0.9580150339179857
edicoes_anteriores/sorteio_35;1941-Pontes Gestal-SP.pdf;11762;0.01820966643975493;0.02518720217835261;0.9574540503744042
edicoes_anteriores/sorteio_35;1907-São João do Manteninha-MG.pdf;17609;0.01767949519640725;0.03456312887271901;0.9487806264567109
edicoes_anteriores/sorteio_35;1889-Rio do Antônio-BA.pdf;17443;0.017915590008613272;0.02693080677576802;0.9567614125753662
edicoes_anteriores/sorteio_35;1915-Umbuzeiro-PB.pdf;26230;0.018942865872288422;0.026772074549343113;0.9560418576229759
edicoes_anteriores/sorteio_35;1930-Glorinha-RS.pdf;6871;0.019239177962396155;0.03191954525579361;0.9502987902638099
edicoes_anteriores/sorteio_35;1918-Taquaritinga do Norte-PE.pdf;76827;0.01799358489581975;0.026534018306516808;0.9572065611390721
edicoes_anteriores/sorteio_35;1886-Barreiras-BA.pdf;27940;0.016775997419077322;0.025343226870272795;0.9594221600888986
edicoes_anteriores/sorteio_35;1899-Fortuna-MA.pdf;45177;0.019229917142983742;0.026895298861269887;0.9547388010102352
edicoes_anteriores/sorteio_35;1939-Auriflama-SP.pdf;11544;0.018306437619295506;0.03071317022384175;0.9525420787784139
edicoes_anteriores/sorteio_35;1895-Ponto Belo-ES.pdf;20996;0.017507036206649812;0.034870963125506846;0.949196202833564
edicoes_anteriores/sorteio_35;1890-Tremedal-BA.pdf;19369;0.02532561505065124;0.02734132726896837;0.9484184411825513
edicoes_anteriores/sorteio_35;1932-Relvado-RS.pdf;8109;0.019997531168991486;0.02925564745093199;0.9517343537834837
edicoes_anteriores/sorteio_35;1927-São Miguel-RN.pdf;83850;0.016138280335427767;0.03136870774302984;0.95411759084502
edicoes_anteriores/sorteio_35;1923-Itaguajé-PR.pdf;11058;0.018377693282636245;0.029241354336411368;0.9534673184863298
edicoes_anteriores/sorteio_35;1913-São Félix do Xingu-PA.pdf;33428;0.01789729292202536;0.02794016248463591;0.9562910333663099
edicoes_anteriores/sorteio_35;1910-Santa Rita do Trivelato-MT.pdf;30994;0.014881528826909417;0.028181289947704823;0.9574536768028923
edicoes_anteriores/sorteio_35;1944-Bandeirantes do Tocantins-TO.pdf;23688;0.016144710705380167;0.025400447994590254;0.9595959595959596
edicoes_anteriores/sorteio_36;2467-Mamanguape-PB.pdf;11678;0.0362934362934363;0.030459030459030458;0.9352209352209351
edicoes_anteriores/sorteio_36;2459-Bela Vista da Caroba-PR.pdf;6038;0.01724709784411277;0.03598673300165836;0.9480928689883914
edicoes_anteriores/sorteio_36;2491-Sobral-CE.pdf;22290;0.01888743985249809;0.03282816926743716;0.9506678059090705
edicoes_anteriores/sorteio_36;2477-Terra Rica-PR.pdf;20086;0.019031486648066958;0.03293144679155042;0.9487345555998405
edicoes_anteriores/sorteio_36;2489-Japoatã-SE.pdf;50725;0.015441728209786343;0.029520950989297422;0.9566762766083486
edicoes_anteriores/sorteio_36;2483-Pontal do Paraná-PR.pdf;13915;0.01589127777378299;0.03077586826777882;0.9539081038326023
edicoes_anteriores/sorteio_36;2497-Santo André-PB.pdf;8761;0.01518784972022382;0.034372501998401285;0.9508964257165697
edicoes_anteriores/sorteio_36;2487-Groaíras-CE.pdf;25957;0.019748515004242843;0.027385636041039878;0.9540615598241149
edicoes_anteriores/sorteio_36;2455-São João da Ponta-PA.pdf;31579;0.017180169899835167;0.03109547356409282;0.9527069861797894
edicoes_anteriores/sorteio_36;2499-São Roque do Canaã-ES.pdf;23967;0.017168636952253638;0.03613350599440244;0.9478674965537406
edicoes_anteriores/sorteio_36;2495-Ibirapitanga-BA.pdf;16105;0.016961789375582476;0.0273376825100963;0.9563218390804599
edicoes_anteriores/sorteio_36;2463-Santana-AP.pdf;35865;0.014568390499846502;0.028076246825374674;0.9583042616728532
edicoes_anteriores/sorteio_36;2475-Jundiá-AL.pdf;35027;0.017179773032615843;0.031986965097332995;0.9520910156361662
edicoes_anteriores/sorteio_36;2473-Faro-PA.pdf;34316;0.016836392285022324;0.027866125879023082;0.95661054535905
edicoes_anteriores/sorteio_36;2471-Dourados-MS.pdf;14157;0.01896271138470247;0.030496002264204344;0.9522394396094248
edicoes_anteriores/sorteio_36;2469-Monte Alegre-RN.pdf;42873;0.017947699282559418;0.030987824542543993;0.9529807669837116
edicoes_anteriores/sorteio_36;2457-Palestina do Pará-PA.pdf;21097;0.0193138138850662;0.03222132586722346;0.9496037583637829
edicoes_anteriores/sorteio_36;2479-Condado-PE.pdf;61285;0.016784062494892876;0.025772606187386624;0.9590122407622284
edicoes_anteriores/sorteio_36;2481-Iranduba-AM.pdf;23761;0.019127064374789348;0.02772160431412201;0.9542045837546344
edicoes_anteriores/sorteio_36;2465-Balsas-MA.pdf;77621;0.017092802418573402;0.02944406403018049;0.9563054740894821
edicoes_anteriores/sorteio_36;2493-Arraial do Cabo-RJ.pdf;25873;0.01589450073478227;0.02583339778791863;0.9588521927449919
edicoes_anteriores/sorteio_36;2501-Pacoti-CE.pdf;30281;0.021380109217276188;0.03028297203375807;0.9505212642727123
edicoes_anteriores/sorteio_36;2461-Itacuruba-PE.pdf;76742;0.016464290377333855;0.027954040997519254;0.957566261914088
edicoes_anteriores/sorteio_37;2781-São Domingos-SE.pdf;21962;0.021854183775891968;0.031937220549320196;0.9482160781093165
edicoes_anteriores/sorteio_37;2795-Cidade Ocidental-GO.pdf;18437;0.018903797055787926;0.025802596556032377;0.9568146015535879
edicoes_anteriores/sorteio_37;2821-Aurora do Pará-PA.pdf;23275;0.01698267337374779;0.02725826561761038;0.9564469667655532
edicoes_anteriores/sorteio_37;2761-Iúna-ES.pdf;29743;0.015822252146103354;0.029893957246254838;0.9555630365258374
edicoes_anteriores/sorteio_37;2837-Belford Roxo-RJ.pdf;21280;0.01706789542975362;0.028587549369945467;0.9549087831483918
edicoes_anteriores/sorteio_37;2847-Lagoa Alegre-PI.pdf;30301;0.015200581587469435;0.03241689247240764;0.9536712709007997
edicoes_anteriores/sorteio_37;2859-Vazante-MG.pdf;45801;0.022189640457798105;0.024465501017572267;0.9556207190844038
edicoes_anteriores/sorteio_37;2811-Itutinga-MG.pdf;13233;0.020275382054773805;0.027538205477379337;0.953321228627629
edicoes_anteriores/sorteio_37;2777-Caldas Brandão-PB.pdf;18001;0.01829200489269431;0.03213610586011344;0.9504058712331815
edicoes_anteriores/sorteio_37;2793-Dois Irmãos das Missões-RS.pdf;17137;0.020341360766892684;0.030979658639233108;0.9503740939911152
edicoes_anteriores/sorteio_37;2789-São Sebastião do Passé-BA.pdf;18769;0.020429935456339678;0.0337654024643943;0.946978183175975
edicoes_anteriores/sorteio_37;2877-Patrocínio Paulista-SP.pdf;34789;0.023637254619353724;0.03585944481277564;0.9433282407540862
edicoes_anteriores/sorteio_37;2843-Brejolândia-BA.pdf;26561;0.015571390868302983;0.029069109829204836;0.9567922180748785
edicoes_anteriores/sorteio_37;2807-Adrianópolis-PR.pdf;15845;0.025978130333101573;0.02996017950824853;0.9455786612729915
edicoes_anteriores/sorteio_37;2849-Cacimba de Dentro-PB.pdf;24316;0.01797789873000165;0.028245093188190663;0.9564159656935509
edicoes_anteriores/sorteio_37;2845-Itapoá-SC.pdf;30415;0.01468457790069801;0.02795337811141841;0.9587778216778613
edicoes_anteriores/sorteio_37;2855-Nanuque-MG.pdf;30672;0.0211189450319885;0.027059668364016187;0.9529964747356052
edicoes_anteriores/sorteio_37;2871-São José do Sul-RS.pdf;15565;0.016735324407826987;0.03141091658084449;0.9537203913491246
edicoes_anteriores/sorteio_37;2865-Barra do Ribeiro-RS.pdf;17703;0.018991634637124118;0.028148315622880386;0.9534817996834728
edicoes_anteriores/sorteio_37;2783-Hidrolândia-CE.pdf;28947;0.017702174739826437;0.025446876188500504;0.9576807385126025
edicoes_anteriores/sorteio_37;2763-São José do Campestre-RN.pdf;26851;0.017481735500223645;0.033211570001490984;0.950164007753094
edicoes_anteriores/sorteio_37;2831-Itatira-CE.pdf;30975;0.02020626555882448;0.02958197277811904;0.9516342827583977
edicoes_anteriores/sorteio_37;2825-Campanha-MG.pdf;20322;0.025997730748359725;0.025455083616989782;0.9510630950619111
edicoes_anteriores/sorteio_37;2813-Amargosa-BA.pdf;18313;0.017776076136301475;0.03019198162227206;0.9536728108078543
edicoes_anteriores/sorteio_37;2785-Água Nova-RN.pdf;14191;0.019476395455507736;0.03231952579211066;0.949615411756404
edicoes_anteriores/sorteio_37;2767-Fortaleza dos Valos-RS.pdf;18913;0.01751322751322752;0.029206349206349205;0.9539682539682539
edicoes_anteriores/sorteio_37;2817-Populina-SP.pdf;12419;0.019832312157368588;0.028055465978716533;0.9533215091905837
edicoes_anteriores/sorteio_37;2867-Rodelas-BA.pdf;31171;0.01789730737099158;0.027344001028211554;0.9563331405436668
edicoes_anteriores/sorteio_37;2787-São Sebastião do Oeste-MG.pdf;16190;0.02374768089053803;0.028324056895485464;0.949165120593692
edicoes_anteriores/sorteio_37;2863-Amajari-RR.pdf;31341;0.020670266125682884;0.02354557362384588;0.9570620746940992
edicoes_anteriores/sorteio_37;2857-Xexéu-PE.pdf;66191;0.019046610490007714;0.027367210783497978;0.9549477315017928
edicoes_anteriores/sorteio_37;2829-Santo Antônio do Jardim-SP.pdf;10779;0.019797378938563072;0.035040431266846354;0.9470210986151131
edicoes_anteriores/sorteio_37;2791-Iporá-GO.pdf;16589;0.02226916113458058;0.029088714544357276;0.9497887748943875
edicoes_anteriores/sorteio_37;2771-Ilha Solteira-SP.pdf;14753;0.02995110024449878;0.03124151045911437;0.9407769627818527
edicoes_anteriores/sorteio_37;2769-Tapira-MG.pdf;25393;0.021571952518042354;0.027014236699925073;0.9528335370903498
edicoes_anteriores/sorteio_37;2803-São Francisco de Assis do Piauí-PI.pdf;36565;0.020079991233837385;0.03238001314924392;0.9492110453648914
edicoes_anteriores/sorteio_37;2833-Bacuri-MA.pdf;59025;0.019203691451643;0.030026973382869353;0.9520925577213429
edicoes_anteriores/sorteio_37;2875-Ribeirãozinho-MT.pdf;13252;0.017827466384650246;0.028025381477564587;0.9552047137029762
edicoes_anteriores/sorteio_37;2873-Tupirama-TO.pdf;14076;0.01628618163715241;0.031221108029300906;0.9535594907901288
edicoes_anteriores/sorteio_37;2841-Joanópolis-SP.pdf;18023;0.0189560286841959;0.03263105230974484;0.9503029629217855
edicoes_anteriores/sorteio_37;2853-Luciára-MT.pdf;38218;0.019056856011953133;0.03006631890744187;0.9526855225562927
edicoes_anteriores/sorteio_37;2851-Laranjeiras do Sul-PR.pdf;38493;0.017109820568243964;0.030703924581369307;0.9546342352665435
edicoes_anteriores/sorteio_37;2805-Araguanã-MA.pdf;36876;0.016968479352754317;0.03469714658051204;0.9495018054462031
edicoes_anteriores/sorteio_37;2773-Roteiro-AL.pdf;41417;0.016824192027846938;0.027242621286470543;0.9570934757910512
edicoes_anteriores/sorteio_37;2765-Uraí-PR.pdf;14870;0.0222042793702059;0.02974027721706366;0.9485937289732205
edicoes_anteriores/sorteio_37;2775-Flor do Sertão-SC.pdf;21754;0.018043728423475267;0.031576524741081705;0.9517146144994246
edicoes_anteriores/sorteio_37;2819-Mirante da Serra-RO.pdf;59651;0.019228831491619927;0.032462298055284985;0.9500722130789642
edicoes_anteriores/sorteio_37;2835-Olindina-BA.pdf;26112;0.018982972848596413;0.03029605767755791;0.95210154931738
edicoes_anteriores/sorteio_37;2779-Jaguaribara-CE.pdf;30849;0.023530557268508;0.0252831780857486;0.9524195904060239
edicoes_anteriores/sorteio_37;2799-Passa e Fica-RN.pdf;35499;0.021160736957932455;0.027170386253985275;0.9532488784809412
edicoes_anteriores/sorteio_37;2809-Tejuçuoca-CE.pdf;19668;0.01991747745912078;0.0342825123529112;0.9476847842697773
edicoes_anteriores/sorteio_37;2839-Castanhal-PA.pdf;30498;0.016420900522184638;0.02489408519163191;0.9602942625373576
edicoes_anteriores/sorteio_37;2869-Pratápolis-MG.pdf;20944;0.025972162433634666;0.026689625484287563;0.9491079542736883
edicoes_anteriores/sorteio_37;2797-Itaporanga d'Ajuda-SE.pdf;29024;0.020836208086104594;0.027597626604112045;0.9528080585069685
edicoes_anteriores/sorteio_37;3072-Piçarra-PA.pdf;18358;0.022257378211772406;0.02853090393322787;0.9506846325896023
edicoes_anteriores/sorteio_37;2815-Araçoiaba-PE.pdf;55036;0.016524112829845315;0.025059144676979072;0.9599818016378526
edicoes_anteriores/sorteio_37;2827-Aliança-PE.pdf;92726;0.014563211685140772;0.028013655711847198;0.9591949180009074
edicoes_anteriores/sorteio_37;2861-Paraíso-SP.pdf;7429;0.019811320754716984;0.030862533692722367;0.9505390835579515
edicoes_anteriores/sorteio_37;2801-Santa Rita do Pardo-MS.pdf;24076;0.01946188713768869;0.03451574000914875;0.9472283444920364
edicoes_anteriores/sorteio_38;2957-Casa Nova-BA.pdf;17337;0.017377749552566248;0.027885226026210956;0.9556607586167081
edicoes_anteriores/sorteio_38;2993-Perdigão-MG.pdf;16245;0.02165463631315935;0.02739218952433832;0.9531741625023136
edicoes_anteriores/sorteio_38;3032-Terra Roxa-PR.pdf;14396;0.017243776943401477;0.03128911138923654;0.9524405506883604
edicoes_anteriores/sorteio_38;2977-Guarani de Goiás-GO.pdf;32811;0.015356902973682604;0.024424497771264576;0.9619588447212554
edicoes_anteriores/sorteio_38;3018-Limoeiro-PE.pdf;41667;0.01941467634196742;0.02770435869095103;0.9540583401412851
edicoes_anteriores/sorteio_38;3042-Campo Bom-RS.pdf;7991;0.021162033558727766;0.03268219383921863;0.9467818682694716
edicoes_anteriores/sorteio_38;3056-Capela-SE.pdf;34368;0.018757463664695776;0.027553665569568637;0.954708298138817
edicoes_anteriores/sorteio_38;2967-Abaiara-CE.pdf;27043;0.018152854443744676;0.02874819397621606;0.9549512836661357
edicoes_anteriores/sorteio_38;3036-Martins-RN.pdf;26240;0.02228157191911484;0.024761541396413584;0.9541014879816863
edicoes_anteriores/sorteio_38;3060-Bastos-SP.pdf;7837;0.018256096004085284;0.0306396016851781;0.951614962338823
edicoes_anteriores/sorteio_38;2953-Juruá-AM.pdf;24686;0.015530594866388225;0.031061189732776454;0.9544219618020356
edicoes_anteriores/sorteio_38;2987-Formiga-MG.pdf;21617;0.02605953816192155;0.022952796067884636;0.9533524993044609
edicoes_anteriores/sorteio_38;3058-Anhumas-SP.pdf;14959;0.01619487385397845;0.028909857458341695;0.9559660041491
edicoes_anteriores/sorteio_38;3012-Vigia-PA.pdf;25523;0.016596045197740113;0.029739485247959826;0.9550376647834274
edicoes_anteriores/sorteio_38;3016-Picuí-PB.pdf;74259;0.019071142243997245;0.025711624893711787;0.9574847147426813
edicoes_anteriores/sorteio_38;3044-Chiapetta-RS.pdf;26342;0.01792851433139203;0.02641696166876023;0.9583571238247497
edicoes_anteriores/sorteio_38;3062-Fernandópolis-SP.pdf;8067;0.023942438903361864;0.029897035107306784;0.9469048505148245
edicoes_anteriores/sorteio_38;2975-Presidente Kennedy-ES.pdf;22276;0.02382450777667896;0.028949024543738197;0.9485750247235458
edicoes_anteriores/sorteio_38;2983-Brejo de Areia-MA.pdf;46048;0.020517278852423385;0.027472288632905892;0.9528363399261031
edicoes_anteriores/sorteio_38;2955-Ferreira Gomes-AP.pdf;14643;0.017355654253501874;0.02910830201571574;0.9540826785104204
edicoes_anteriores/sorteio_38;2981-São João d'Aliança-GO.pdf;12068;0.02126422460337237;0.03787690007475705;0.9432677132652214
edicoes_anteriores/sorteio_38;3064-Itapecerica da Serra-SP.pdf;11966;0.018575851393188854;0.029369927202744534;0.9533093464982009
edicoes_anteriores/sorteio_38;3022-Terezinha-PE.pdf;43791;0.019045002975781714;0.026392894748889804;0.9569656182758778
edicoes_anteriores/sorteio_38;3040-Riacho de Santana-RN.pdf;17382;0.017560020726581846;0.02728999942426162;0.955898439748978
edicoes_anteriores/sorteio_38;2971-Crato-CE.pdf;30699;0.01649928263988522;0.029574801095604536;0.9549367418807878
edicoes_anteriores/sorteio_38;3024-Dirceu Arcoverde-PI.pdf;53701;0.014447095667735442;0.023842368205204682;0.9627730967116546
edicoes_anteriores/sorteio_38;3068-Pontal-SP.pdf;15195;0.02377815834540904;0.027730206823870365;0.949347912001054
edicoes_anteriores/sorteio_38;2951-Boca da Mata-AL.pdf;17218;0.0185475899761614;0.030176173033315875;0.9523809523809526
edicoes_anteriores/sorteio_38;2973-Morrinhos-CE.pdf;31168;0.01924745348799846;0.02875871597956365;0.9535040647794095
edicoes_anteriores/sorteio_38;2963-Itarantim-BA.pdf;16395;0.018014167073766487;0.030410356619443087;0.9527357107962873
edicoes_anteriores/sorteio_38;3070-Araguatins-TO.pdf;14117;0.017940717628705152;0.02864841866401928;0.9544745426180684
edicoes_anteriores/sorteio_38;2999-Várzea da Palma-MG.pdf;38404;0.017961886389113373;0.02520920774785579;0.9580020334211007
edicoes_anteriores/sorteio_38;2961-Cipó-BA.pdf;27193;0.016486347243688824;0.02907190696989769;0.9551409435489806
edicoes_anteriores/sorteio_38;2965-Maracás-BA.pdf;18856;0.020148856990962253;0.03460925039872409;0.9476874003189792
edicoes_anteriores/sorteio_38;2991-Novorizonte-MG.pdf;19034;0.01868519395757672;0.032212221695878736;0.9509447865677142
edicoes_anteriores/sorteio_38;3020-Palmares-PE.pdf;34240;0.01799192557486396;0.0280849569949096;0.9556199169153357
edicoes_anteriores/sorteio_38;3008-Cachoeira do Arari-PA.pdf;18402;0.02122102513875286;0.03025356404396561;0.9498313200565893
edicoes_anteriores/sorteio_38;3052-Mirim Doce-SC.pdf;18386;0.01916793726856894;0.03621215421476802;0.9458179045959487
edicoes_anteriores/sorteio_38;2995-Rodeiro-MG.pdf;20243;0.018698060941828243;0.03185595567867036;0.9507815591610604
edicoes_anteriores/sorteio_38;2979-Jaupaci-GO.pdf;19797;0.022207608255766897;0.024129906920275196;0.9551295022258195
edicoes_anteriores/sorteio_38;2989-Monte Santo de Minas-MG.pdf;21945;0.02163099529959385;0.030575457490987085;0.9492538675671975
edicoes_anteriores/sorteio_38;2985-Mata Roma-MA.pdf;65060;0.02127037384759824;0.02762686038816124;0.9524417835100734
edicoes_anteriores/sorteio_38;3048-Ubiretama-RS.pdf;14532;0.019278435692646652;0.026714403745524647;0.9545579730101901
edicoes_anteriores/sorteio_38;3010-Trairão-PA.pdf;61801;0.020368149852545616;0.028162167417441757;0.9528794114787568
edicoes_anteriores/sorteio_38;2959-Catolândia-BA.pdf;15738;0.01977113795295614;0.02600127145581691;0.9547361729179912
edicoes_anteriores/sorteio_38;3034-Iguaba Grande-RJ.pdf;22842;0.0175653773708879;0.02422357527705988;0.9587804984887643
edicoes_anteriores/sorteio_38;3004-Gaúcha do Norte-MT.pdf;37993;0.019423872651081885;0.027989352449727226;0.9539045410220593
edicoes_anteriores/sorteio_38;3001-Douradina-MS.pdf;18522;0.019680994863476613;0.030224384968910514;0.9515544741822115
edicoes_anteriores/sorteio_38;3066-Mirassolândia-SP.pdf;11986;0.014621104520010031;0.03241707745007935;0.9543821538975686
edicoes_anteriores/sorteio_38;2997-Vargem Bonita-MG.pdf;5092;0.028931312733713833;0.03444203896870694;0.9387915764613264
edicoes_anteriores/sorteio_38;3054-Boquim-SE.pdf;18095;0.019314848635785052;0.029221318279926946;0.9529027616359511
edicoes_anteriores/sorteio_38;3006-Nova Canaã do Norte-MT.pdf;53740;0.0195873596239227;0.03091071894937134;0.9520016416072828
edicoes_anteriores/sorteio_38;2969-Aracoiaba-CE.pdf;66570;0.02076494503839783;0.027345279325402795;0.9542990513476886
edicoes_anteriores/sorteio_38;3038-Paraná-RN.pdf;25403;0.02090070194810316;0.02855114756684281;0.952322738386308
edicoes_anteriores/sorteio_38;3014-Bananeiras-PB.pdf;77218;0.020184843843298113;0.024117967756172278;0.9580336976557025
edicoes_anteriores/sorteio_38;3028-Ariranha do Ivaí-PR.pdf;11922;0.019074027392656078;0.032602302327535505;0.9500882278800101
edicoes_anteriores/sorteio_38;3050-Araranguá-SC.pdf;16407;0.016529429704178103;0.025007624275693814;0.9591948764867337
edicoes_anteriores/sorteio_38;3026-Manoel Emídio-PI.pdf;39890;0.01347418075977317;0.027098911025242135;0.9603302052491594
edicoes_anteriores/sorteio_38;3046-Jaguari-RS.pdf;12639;0.017192204088100148;0.02915544287751545;0.9549992077325307
edicoes_anteriores/sorteio_38;3030-Lunardelli-PR.pdf;9784;0.019441317916709305;0.03059449503734779;0.9510897370305945
edicoes_anteriores/sorteio_39;3176-Marapanim-PA.pdf;31733;0.017485717892876305;0.029258592936274974;0.9548338225546823
edicoes_anteriores/sorteio_39;3138-Jijoca de Jericoacoara-CE.pdf;39402;0.016521363393742217;0.02490913250133442;0.9600691355514324
edicoes_anteriores/sorteio_39;3146-Aurilândia-GO.pdf;16189;0.01702259362426493;0.02624574435159393;0.9588362735995047
edicoes_anteriores/sorteio_39;3234-Pardinho-SP.pdf;11365;0.015155520310159484;0.02819631685611067;0.9580579786765353
edicoes_anteriores/sorteio_39;3200-Petrópolis-RJ.pdf;28316;0.014328168117172576;0.029611547442156654;0.9578291940847661
edicoes_anteriores/sorteio_39;3232-Lavínia-SP.pdf;10418;0.019116234390009614;0.031123919308357357;0.9505283381364074
edicoes_anteriores/sorteio_39;3210-Coronel Pilar-RS.pdf;9936;0.013094278807413377;0.03515310233682515;0.9525584206285255
edicoes_anteriores/sorteio_39;3218-Três Barras-SC.pdf;46080;0.01466371220020855;0.026394681960375387;0.9599843587069865
edicoes_anteriores/sorteio_39;3190-Júlio Borges-PI.pdf;36838;0.018257396690846854;0.026706876409378653;0.9558779579971202
edicoes_anteriores/sorteio_39;3192-São Miguel do Fidalgo-PI.pdf;21553;0.017942639334355973;0.036675498535769076;0.9472412029935388
edicoes_anteriores/sorteio_39;3158-Coronel Murta-MG.pdf;31144;0.018968621399176953;0.027134773662551438;0.9551826131687243
edicoes_anteriores/sorteio_39;3208-Alta Floresta D'Oeste-RO.pdf;52150;0.01711519621967383;0.02650838471733994;0.9581244357363761
edicoes_anteriores/sorteio_39;3212-Encruzilhada do Sul-RS.pdf;36143;0.019139683682796442;0.02897266155167161;0.9529955959338559
edicoes_anteriores/sorteio_39;3174-Nova Olímpia-MT.pdf;64430;0.016895672718229296;0.02828898284008953;0.9562764237751803
edicoes_anteriores/sorteio_39;3150-Orizona-GO.pdf;31816;0.018571563473826685;0.027038937328842577;0.9558689288299915
edicoes_anteriores/sorteio_39;3177-Nova Timboteua-PA.pdf;36613;0.01990581019659383;0.03052954383659165;0.9520562948359893
edicoes_anteriores/sorteio_39;3204-Marcelino Vieira-RN.pdf;30727;0.017769228261223964;0.025300772716898703;0.9587558279808288
edicoes_anteriores/sorteio_39;3179-São Domingos do Araguaia-PA.pdf;53441;0.02037908472224826;0.03130917340032621;0.9502240386958887
edicoes_anteriores/sorteio_39;3160-Córrego Danta-MG.pdf;25161;0.018505989572969315;0.02570939626696382;0.9571377402793808
edicoes_anteriores/sorteio_39;3222-Divina Pastora-SE.pdf;25421;0.01800488535182413;0.031833582853991016;0.9516980537388701
edicoes_anteriores/sorteio_39;3180-Baía da Traição-PB.pdf;27999;0.019153802172670098;0.0281232132647227;0.9532590051457976
edicoes_anteriores/sorteio_39;3152-Bela Vista do Maranhão-MA.pdf;41675;0.015510948905109491;0.031862274298885905;0.9532750672301191
edicoes_anteriores/sorteio_39;3128-Botuporã-BA.pdf;50165;0.01722382995709011;0.02488773575491468;0.9590859195689052
edicoes_anteriores/sorteio_39;3202-Apodi-RN.pdf;110239;0.014375471680957272;0.02889642568126642;0.9590921903272442
edicoes_anteriores/sorteio_39;3236-Salto-SP.pdf;9743;0.015920295809367296;0.0267050123253903;0.9580936729663105
edicoes_anteriores/sorteio_39;3140-Salitre-CE.pdf;67790;0.015482803451128707;0.026311901666469684;0.959712208958752
edicoes_anteriores/sorteio_39;3196-Iretama-PR.pdf;18760;0.01589842082799829;0.028169014084507046;0.956786171574904
edicoes_anteriores/sorteio_39;3226-Bom Sucesso de Itararé-SP.pdf;11784;0.016828148903620603;0.045385007649158586;0.9393166751657318
edicoes_anteriores/sorteio_39;3198-Santa Mônica-PR.pdf;16446;0.014606536425050212;0.03122147160854483;0.9550849004929707
edicoes_anteriores/sorteio_39;3238-São Valério da Natividade-TO.pdf;19186;0.020037570444583593;0.03162179085785849;0.9494886245042788
edicoes_anteriores/sorteio_39;3216-São Luiz Gonzaga-RS.pdf;17283;0.015242842239480702;0.03500637533325606;0.95143155210386
edicoes_anteriores/sorteio_39;3188-Parnamirim-PE.pdf;74122;0.017356186771479123;0.027945486716101406;0.9558464011237624
edicoes_anteriores/sorteio_39;3170-Camapuã-MS.pdf;48856;0.016453232250793974;0.02657514598914046;0.9580165966601782
edicoes_anteriores/sorteio_39;3172-Juscimeira-MT.pdf;31297;0.014647563003709863;0.028495586542151723;0.9577843162338493
edicoes_anteriores/sorteio_39;3130-Gentio do Ouro-BA.pdf;59216;0.02227182791334788;0.027294404139820407;0.9518373835252735
edicoes_anteriores/sorteio_39;3182-Tavares-PB.pdf;87510;0.01510522160046689;0.021914014670374314;0.9643882957419295
edicoes_anteriores/sorteio_39;3166-Rio do Prado-MG.pdf;25098;0.01671053681103933;0.02911382308367233;0.9551328068916007
edicoes_anteriores/sorteio_39;3168-São Roque de Minas-MG.pdf;15439;0.01321928460342146;0.03421461897356145;0.9530196993260758
edicoes_anteriores/sorteio_39;3164-Itacarambi-MG.pdf;68871;0.02128804292507016;0.02553401869974263;0.9546320396678833
edicoes_anteriores/sorteio_39;3206-Ouro Branco-RN.pdf;22230;0.017073610235156328;0.025993332732678617;0.9583746283448961
edicoes_anteriores/sorteio_39;3148-Campinaçu-GO.pdf;28147;0.01738604849605347;0.024852449690677667;0.9585081419327313
edicoes_anteriores/sorteio_39;3220-Xavantina-SC.pdf;27746;0.014332647387992352;0.02664356113939131;0.9607206036319001
edicoes_anteriores/sorteio_39;3136-Croatá-CE.pdf;41247;0.017302465540671715;0.02919336051252184;0.9544505921180353
edicoes_anteriores/sorteio_39;3144-Cariacica-ES.pdf;39862;0.02312559634409682;0.02714307236478682;0.9506352633957718
edicoes_anteriores/sorteio_39;3194-Bom Sucesso-PR.pdf;14562;0.013401140815064255;0.041165555631915346;0.9461892653425882
edicoes_anteriores/sorteio_39;3124-Maribondo-AL.pdf;40916;0.01900190998579754;0.027278515108477404;0.9556295607032667
edicoes_anteriores/sorteio_39;3224-Japaratuba-SE.pdf;30671;0.01926090363019065;0.023863933141812482;0.9581483416035517
edicoes_anteriores/sorteio_39;3162-Guimarânia-MG.pdf;48923;0.015336104342840762;0.026126661070046475;0.9602571715227585
edicoes_anteriores/sorteio_39;3132-Milagres-BA.pdf;47211;0.015478891456924153;0.026377727359470752;0.9592035792285998
edicoes_anteriores/sorteio_39;3184-Camutanga-PE.pdf;42185;0.016328080501234098;0.027696031896715392;0.9571387886842604
edicoes_anteriores/sorteio_39;3228-Borborema-SP.pdf;16913;0.016119473746592384;0.03028327604598791;0.9559084982813797
edicoes_anteriores/sorteio_39;3230-Itaju-SP.pdf;8463;0.0162072636933633;0.028510587956938366;0.9564651602981191
edicoes_anteriores/sorteio_39;3186-Jucati-PE.pdf;57015;0.012890535817776296;0.026465991113608825;0.9619430638731317
edicoes_anteriores/sorteio_39;3154-Coelho Neto-MA.pdf;93309;0.01893414909032362;0.026211560135243922;0.9563999355981325
edicoes_anteriores/sorteio_39;3126-Barra do Mendes-BA.pdf;57833;0.015827113889417998;0.02545498623352785;0.96017247051897
edicoes_anteriores/sorteio_39;3214-Porto Lucena-RS.pdf;30588;0.014075286415711949;0.026284779050736496;0.9608837970540098
edicoes_anteriores/sorteio_39;3122-Marechal Thaumaturgo-AC.pdf;48181;0.016353926396941172;0.026328366893169586;0.9585229516031835
edicoes_anteriores/sorteio_39;3142-Senador Pompeu-CE.pdf;40905;0.015052131773459296;0.028635762886093298;0.9574624308580939
edicoes_anteriores/sorteio_39;3156-Caetanópolis-MG.pdf;32330;0.017356806347632037;0.029413587899826434;0.9552752293577982
edicoes_anteriores/sorteio_39;3134-Mirangaba-BA.pdf;37625;0.01620974181527815;0.028639872238488157;0.9566143199361191
edicoes_anteriores/sorteio_40;3382-General Maynard-SE.pdf;42511;0.015021459227467808;0.022850540017921993;0.9646040654624346
edicoes_anteriores/sorteio_40;3376-Humaitá-AM.pdf;35928;0.013899334280382163;0.026322386563048382;0.9605303473440852
edicoes_anteriores/sorteio_40;3384-Pancas-ES.pdf;26514;0.013935571585029647;0.02821103515993807;0.9591751954378942
edicoes_anteriores/sorteio_40;3332-Boninal-BA.pdf;33256;0.016554298097760656;0.0286840837948471;0.9557247772694437
edicoes_anteriores/sorteio_40;3415-Cachoeirinha-PE.pdf;63228;0.015273464731605296;0.02657012484948349;0.95993092084416
edicoes_anteriores/sorteio_40;3346-Nuporanga-SP.pdf;11748;0.018504306301696943;0.02762854950115119;0.9556578835166709
edicoes_anteriores/sorteio_40;3324-Pinhalão-PR.pdf;60503;0.013730809952355746;0.02491397564849127;0.9622650873478031
edicoes_anteriores/sorteio_40;3366-Itambacuri-MG.pdf;47601;0.016456228956228957;0.027861952861952862;0.9573863636363635
edicoes_anteriores/sorteio_40;3436-Trombudo Central-SC.pdf;29234;0.018523591042936386;0.02667260152023557;0.9557625145518045
edicoes_anteriores/sorteio_40;3425-Capitão de Campos-PI.pdf;44052;0.01658363475056303;0.02782137901226143;0.957710593962556
edicoes_anteriores/sorteio_40;3358-Tiros-MG.pdf;36372;0.01706437673740126;0.027688327415847855;0.95632070018991
edicoes_anteriores/sorteio_40;3380-Cristinápolis-SE.pdf;57534;0.013711263071810132;0.030241339110159908;0.9571436028605731
edicoes_anteriores/sorteio_40;3388-Paripueira-AL.pdf;63419;0.014126347059381223;0.025629681130107766;0.9623455424580476
edicoes_anteriores/sorteio_40;3362-Biquinhas-MG.pdf;14730;0.015903221421775176;0.026777218975125736;0.9584069593584341
edicoes_anteriores/sorteio_40;3427-Simplício Mendes-PI.pdf;48794;0.014569781042867987;0.02542529396072315;0.9612977365537337
edicoes_anteriores/sorteio_40;3354-Juquitiba-SP.pdf;31332;0.010253953042644945;0.02692860565404888;0.9636799233349304
edicoes_anteriores/sorteio_40;3322-Nossa Senhora das Graças-PR.pdf;58420;0.013179317554713875;0.022108348043668267;0.9659291504567344
edicoes_anteriores/sorteio_40;3390-Goianésia do Pará-PA.pdf;44577;0.015275749747276197;0.02861956643827923;0.9574974727619904
edicoes_anteriores/sorteio_40;3336-Formigueiro-RS.pdf;33120;0.015602322206095792;0.024582728592162553;0.9612663280116109
edicoes_anteriores/sorteio_40;3370-Matias Barbosa-MG.pdf;33181;0.021390212997043384;0.028057684185120377;0.9516080371688891
edicoes_anteriores/sorteio_40;3423-Riachão do Bacamarte-PB.pdf;76354;0.01638161691411783;0.025562667226273546;0.959498452337233
edicoes_anteriores/sorteio_40;3413-Ferreiros-PE.pdf;50465;0.013674976182915213;0.025920927278501107;0.9620117497618292
edicoes_anteriores/sorteio_40;3409-Ararendá-CE.pdf;48281;0.01589640359433042;0.03071367796293606;0.9553406520430823
edicoes_anteriores/sorteio_40;3326-Antônio Cardoso-BA.pdf;44578;0.016676392692014184;0.029873860932800644;0.9539884185482785
edicoes_anteriores/sorteio_40;3417-Presidente Médici-MA.pdf;58541;0.020446255800811684;0.027655530249841603;0.9543640940459269
edicoes_anteriores/sorteio_40;3405-Chaval-CE.pdf;47260;0.014127165671199222;0.026729359935612318;0.9601177616808574
edicoes_anteriores/sorteio_40;3356-Itajobi-SP.pdf;19567;0.013969196131607227;0.028450084429207396;0.9588087806375685
edicoes_anteriores/sorteio_40;3429-Itajá-GO.pdf;26673;0.016964419756793275;0.025183906320372318;0.9589400990842217
edicoes_anteriores/sorteio_40;3364-Jenipapo de Minas-MG.pdf;74917;0.016167856856294634;0.02740110727754152;0.958289871352537
edicoes_anteriores/sorteio_40;3372-Pedra Branca do Amaparí-AP.pdf;34674;0.01560242704420688;0.025223923721467784;0.9610228257728981
edicoes_anteriores/sorteio_40;3392-Medicilândia-PA.pdf;54248;0.01682084233460736;0.02815783157000683;0.9566646356099634
edicoes_anteriores/sorteio_40;3368-Canaã-MG.pdf;20238;0.015580176080720147;0.027549708180828962;0.9578593332673855
edicoes_anteriores/sorteio_40;3438-Mondaí-SC.pdf;28505;0.015075376884422115;0.0280071687106863;0.9586042098604912
edicoes_anteriores/sorteio_40;3374-Uiramutã-RR.pdf;33891;0.014972093435312878;0.027197826536337597;0.9586569412042641
edicoes_anteriores/sorteio_40;3344-Vera Cruz-RS.pdf;42256;0.01713838714265396;0.026549092115867822;0.95797183899872
edicoes_anteriores/sorteio_40;3398-Caicó-RN.pdf;77530;0.014185863231741189;0.02729938889678428;0.9601813930052585
edicoes_anteriores/sorteio_40;3340-Lagoa Bonita do Sul-RS.pdf;23354;0.0156953557185128;0.03302028388867447;0.9527852823877525
edicoes_anteriores/sorteio_40;3403-Itapagé-CE.pdf;63314;0.014290004900333535;0.02647760863723305;0.9600701854222982
edicoes_anteriores/sorteio_40;3386-Sete Quedas-MS.pdf;37289;0.017469361427649967;0.02738658353042357;0.9573210062352182
edicoes_anteriores/sorteio_40;3433-Jaraguá-GO.pdf;39220;0.017826131371948106;0.025641025641025647;0.9581673306772909
edicoes_anteriores/sorteio_40;3350-Paranapuã-SP.pdf;47652;0.013841558332281543;0.032332029113551264;0.9562244940889394
edicoes_anteriores/sorteio_40;3328-Itamari-BA.pdf;56928;0.015950618152401383;0.02493712959217769;0.9602553505794629
edicoes_anteriores/sorteio_40;3401-Severiano Melo-RN.pdf;36367;0.015224932547767194;0.02838500082594571;0.9576289851880403
edicoes_anteriores/sorteio_40;3334-Vereda-BA.pdf;44626;0.017643493681115178;0.025881613504231297;0.9582033266739993
edicoes_anteriores/sorteio_40;3435-Nova América-GO.pdf;16689;0.01530244839174268;0.02442390782525204;0.9617738838214114
edicoes_anteriores/sorteio_40;3396-Nazaré-TO.pdf;11824;0.012619632421444907;0.029643431862454484;0.9591767595494198
edicoes_anteriores/sorteio_40;3378-Miracema-RJ.pdf;39627;0.01654648956356736;0.02484503478810879;0.9611891208096142
edicoes_anteriores/sorteio_40;3399-Nova Cruz-RN.pdf;51072;0.01385481876876582;0.02880860333222128;0.9595933826559648
edicoes_anteriores/sorteio_40;3407-Martinópole-CE.pdf;56825;0.016033829618535816;0.0282794467447802;0.9569200951458022
edicoes_anteriores/sorteio_40;3431-Americano do Brasil-GO.pdf;22681;0.01818904242638295;0.03010904595823584;0.9530263564522539
edicoes_anteriores/sorteio_40;3342-São João do Polêsine-RS.pdf;13983;0.012895830348187422;0.03245450637627166;0.9564407508239002
edicoes_anteriores/sorteio_40;3360-Josenópolis-MG.pdf;35815;0.017676343905577;0.02517200872629636;0.9588577501817978
edicoes_anteriores/sorteio_40;3352-Lupércio-SP.pdf;29899;0.01784097387571683;0.02967906368422818;0.9551628156544485
edicoes_anteriores/sorteio_40;3330-Curaçá-BA.pdf;72856;0.018771471760340802;0.027167788924007143;0.9552425450048098
edicoes_anteriores/sorteio_40;3394-Porto dos Gaúchos-MT.pdf;41546;0.015233687661195072;0.026490225853881937;0.9596982187191168
edicoes_anteriores/sorteio_40;3421-Imaculada-PB.pdf;52606;0.01645612967049692;0.030705425766684422;0.9536374705121377
edicoes_anteriores/sorteio_40;3411-Afogados da Ingazeira-PE.pdf;118118;0.01900566180277912;0.03144974407293284;0.952184505165228
edicoes_anteriores/sorteio_40;3419-Maranhãozinho-MA.pdf;137776;0.02157080852363192;0.02594022406886374;0.9541538528648389
edicoes_anteriores/sorteio_40;3320-Rio Branco do Ivaí-PR.pdf;27795;0.016244057052297936;0.026293041348508864;0.9585794554098833
edicoes_anteriores/sorteio_40;3348-Guaraci-SP.pdf;63075;0.01258361270436454;0.027566373790495556;0.9620108358887176
