folder;file_name;number_of_words;pct_pol_neg;pct_pol_pos;pct_pol_neu;pct_pol_missing
ciclo_3;8998-Santo Antônio de Jesus-BA.pdf;45543;0.015062559095806673;0.03230204279086131;0.006420828110913211;0.9476658530685842
ciclo_3;9024-Ulianópolis-PA.pdf;17432;0.018944830357655432;0.022159710660772707;0.0038463746483724665;0.9557953958321372
ciclo_3;9010-Aldeias Altas-MA.pdf;59605;0.02276277991499655;0.024140306079594134;0.012968904866699143;0.9414383389050347
ciclo_3;9034-Paraíba do Sul-RJ.pdf;15486;0.0143420117578655;0.029007041798565787;0.004393048646553393;0.952710123392984
ciclo_3;9045-Governador Celso Ramos-SC.pdf;5177;0.011985308331722401;0.025130485211676008;0.0034796056446936012;0.9601778465107287
ciclo_3;9016-Pirajuba-MG.pdf;13512;0.0176741422842715;0.026808257834546274;0.009059854448240015;0.9498737561265409
ciclo_3;9018-Naviraí-MS.pdf;40637;0.014626445995609604;0.029104900969341197;0.006782921836075277;0.9518042572083961
ciclo_3;9015-Nova Lima-MG.pdf;22943;0.012481997119539127;0.024222057347357395;0.006284641906341377;0.9583206040239165
ciclo_3;9014-Fronteira-MG.pdf;9080;0.015764524308235037;0.022819975746885678;0.0054018300077169;0.9570058427957228
ciclo_3;9019-Paranhos-MS.pdf;28350;0.013242460625750409;0.024754573063069427;0.005720742990324176;0.9574122466275865
ciclo_3;9033-São José dos Pinhais-PR.pdf;45624;0.01606425702811245;0.03563982706783418;0.007768780038185529;0.9417780411262536
ciclo_3;9025-Pedras de Fogo-PB.pdf;38710;0.014631750381304447;0.031279890391127885;0.005635550500219735;0.9491507897526045
ciclo_3;9013-Florestal-MG.pdf;18035;0.016150516150516155;0.030636030636030636;0.006327006327006328;0.9478299478299478
ciclo_3;9002-Paramoti-CE.pdf;11670;0.013637533236126596;0.026331589330131237;0.0058324041512994255;0.9551419504245647
ciclo_3;9021-RESERVA DO CABAÇAL-MT.pdf;30454;0.014328436688685137;0.025009037431397683;0.00502809819580006;0.9564560123566336
ciclo_3;9006-Abadiânia-GO.pdf;31389;0.016281445536968454;0.02461371472353467;0.007342612693142639;0.9538373132422424
ciclo_3;9048-Barra dos Coqueiros-SE.pdf;9586;0.014830287206266318;0.02600522193211488;0.007310704960835509;0.9530026109660574
ciclo_3;8997-Nilo Peçanha-BA.pdf;22840;0.014996711247533434;0.03073887305415479;0.007147555360666521;0.9486516114887085
ciclo_3;9029-Ilha de Itamaracá-PE.pdf;37716;0.014648515245601465;0.02828861820980283;0.005466656051800546;0.9524719369476953
ciclo_3;9037-Poço Branco-RN.pdf;37426;0.016805373437876314;0.02571650298375659;0.007626642404131767;0.9513768096550616
ciclo_3;9044-Putinga-RS.pdf;12146;0.011626948132266841;0.03133503751958439;0.0048651768780407344;0.9537395893460872
ciclo_3;9028-Belém de Maria-PE.pdf;40084;0.009511921108475842;0.02539008862813631;0.0061665210335788275;0.95965547372363
ciclo_3;9052-Guararema-SP.pdf;7458;0.008459782462736673;0.0268564522626561;0.004699879145964817;0.9614609910030885
ciclo_3;9047-Navegantes-SC.pdf;6405;0.014082303238929745;0.023939915506180565;0.007667031763417305;0.9565013299953059
ciclo_3;9023-Santa Luzia do Pará-PA.pdf;11319;0.011583694402688123;0.03731541250331593;0.006101335219736492;0.9458838093553807
ciclo_3;9009-Valparaíso de Goiás-GO.pdf;22731;0.014632641368063819;0.02970602494600908;0.008241879324782937;0.9492705716426463
ciclo_3;8996-Madre de Deus-BA.pdf;7414;0.011744060475161988;0.028347732181425483;0.004049676025917926;0.9566684665226781
ciclo_3;9046-Ibicaré-SC.pdf;3050;0.012483574244415242;0.028909329829172138;0.006570302233902759;0.9540078843626807
ciclo_3;9026-Sobrado-PB.pdf;61093;0.013950819672131149;0.025934426229508197;0.006491803278688524;0.9551475409836065
ciclo_3;9012-Humberto de Campos-MA.pdf;40702;0.020872304814413704;0.028576351284828192;0.00817170424337895;0.9442010436152406
ciclo_3;8994-Macapá-AP.pdf;25614;0.011292591434823383;0.022936855267271024;0.00722882150672085;0.9594013754298218
ciclo_3;9050-Porto da Folha-SE.pdf;35122;0.018444083354713647;0.024459078080903102;0.006043501810199834;0.9522791413666296
ciclo_3;9031-Adrianópolis-PR.pdf;17001;0.017845573944284116;0.026444431356381422;0.0048294952588491665;0.9521762176806643
ciclo_3;9035-São Gonçalo-RJ.pdf;23128;0.013770406616723685;0.025159139133070624;0.005282986186290218;0.9573030788550643
ciclo_3;9008-Monte Alegre de Goiás-GO.pdf;19755;0.01895686552790308;0.03086826499062294;0.0064879111967154944;0.9450048152465913
ciclo_3;9043-Pinhal da Serra-RS.pdf;10845;0.01623616236162361;0.024169741697416976;0.0019372693726937272;0.9581180811808118
ciclo_3;9049-Maruim-SE.pdf;26165;0.015992654091900368;0.024027241075869454;0.006504189463213069;0.9545471936335463
ciclo_3;9040-Encantado-RS.pdf;36981;0.012208111429741911;0.033729345896490515;0.013846784104875054;0.9502116618872047
ciclo_3;9056-Santa Maria do Tocantins-TO.pdf;8489;0.01391345360216956;0.030656762174271896;0.005188067444876782;0.9511850017686594
ciclo_3;9039-Normandia-RR.pdf;23678;0.013696313831586067;0.027730808251606363;0.0063831586066959755;0.9531197159283057
ciclo_3;9032-Rio Negro-PR.pdf;25651;0.014253914945132194;0.031085250126918425;0.005350099582145508;0.9510290155035732
ciclo_3;8991-Plácido de Castro-AC.pdf;18372;0.014057647251130607;0.04004794856426742;0.0033781943006592923;0.9435514629760802
ciclo_3;9000-Canindé-CE.pdf;22029;0.01768825027282648;0.028965078210258278;0.00663877773735904;0.9483903237540924
ciclo_3;9041-Glorinha-RS.pdf;4920;0.013018714401952805;0.02583401139137511;0.0028478437754271765;0.9591131000813671
ciclo_3;9055-São Paulo-SP.pdf;30106;0.012638861172088074;0.03488990886715892;0.009379365396128518;0.9444222710037915
ciclo_3;9007-Iaciara-GO.pdf;12242;0.01431609947643979;0.02495091623036649;0.004908376963350785;0.9572971204188482
ciclo_3;9038-Alto Paraíso-RO.pdf;23641;0.016410125938175812;0.027519823601747012;0.011576135351736417;0.9469533138277574
ciclo_3;9057-Campina Grande-PB.pdf;60594;0.013484260100801452;0.026340576716516566;0.006990002478724283;0.954490622159795
ciclo_3;9027-Abreu e Lima-PE.pdf;29469;0.01119199891141652;0.03303170499387671;0.007858212001632874;0.950401415158525
ciclo_3;9051-Barueri-SP.pdf;36483;0.012600889474551145;0.02292318673474991;0.008784933838467032;0.957255806292209
ciclo_3;9001-Ibaretama-CE.pdf;8197;0.016117216117216115;0.027838827838827834;0.003418803418803419;0.9534798534798535
ciclo_3;9022-Marituba-PA.pdf;21918;0.012336653568491274;0.03006488165950836;0.005482957141551676;0.9535776295348624
ciclo_3;9020-Indiavaí-MT.pdf;37148;0.016239546803345023;0.031939573779336386;0.006366333962773132;0.9475586727812247
ciclo_3;9054-São Bernardo do Campo-SP.pdf;20463;0.010666405714844894;0.032782072609844407;0.006556414521968881;0.9512183188178884
ciclo_3;8993-Matriz de Camaragibe-AL.pdf;31248;0.014933982822715037;0.02865017305473657;0.0063132931675426215;0.9515126265863352
ciclo_3;9005-Serra-ES.pdf;30043;0.018769169222563005;0.025436724896652885;0.007267635684757967;0.9500933457794374
ciclo_3;9011-Altamira do Maranhão-MA.pdf;58296;0.020699488095647093;0.025354725667365238;0.007644209296732744;0.947710172810664
ciclo_3;8992-Maragogi-AL.pdf;41354;0.017027976262565095;0.029017803076177788;0.006321908683541239;0.9493036211699163
ciclo_3;8995-Ilhéus-BA.pdf;41040;0.016513000634177273;0.02778184301673252;0.007146690082443044;0.9495829064832431
ciclo_3;9004-Rio Bananal-ES.pdf;15561;0.010033444816053512;0.034023668639053255;0.004823771546179575;0.9519552354000514
ciclo_3;9017-Vespasiano-MG.pdf;31043;0.014584408879710895;0.028136293236964375;0.008647392875580796;0.9502774909654105
ciclo_3;9036-Jardim de Angicos-RN.pdf;76538;0.014529589791292727;0.027591808927378253;0.009354487926945904;0.9512885348566039
ciclo_3;9053-Praia Grande-SP.pdf;11435;0.011469094729469446;0.030642619506216082;0.006478725267028543;0.9525477149360883
ciclo_3;9030-Brasileira-PI.pdf;24417;0.017512201123733747;0.021859492269203952;0.007300168149940532;0.9547225525981216
ciclo_3;8999-Teolândia-BA.pdf;29162;0.019731188340036437;0.027946787666288546;0.008937472070399783;0.945825169296346
ciclo_3;9003-Redenção-CE.pdf;5407;0.013131126317736266;0.029221379692990566;0.002774181616423155;0.9548733123728501
ciclo_3;9042-Minas do Leão-RS.pdf;5253;0.011426394972386216;0.02494762902304323;0.0038087983241287373;0.9601980575128547
ciclo_4;10084-Palmeira dos Índios-AL.pdf;36749;0.01522372613633269;0.029004057844712543;0.007135270568370597;0.9494539611645199
ciclo_4;10243-Januária-MG.pdf;17877;0.01584901433691756;0.021953405017921146;0.008848566308243728;0.9545250896057348
ciclo_4;10408-Regeneração-PI.pdf;50562;0.018446601941747572;0.029066772340003964;0.007152764018228651;0.9471567267683773
ciclo_4;10320-Bagé-RS.pdf;30236;0.01620278330019881;0.025745526838966203;0.006030483764082175;0.9538767395626243
ciclo_4;10644-Casa Nova-BA.pdf;45862;0.01394587516368398;0.024989087734613703;0.007027498908773461;0.9549541684853776
ciclo_4;10640-Serrinha-BA.pdf;60478;0.018180011921319295;0.02839592025961984;0.007070004636068614;0.9477117689913239
ciclo_4;10440-Mazagão-AP.pdf;43519;0.013692955607207787;0.024394173014521438;0.00616758336593561;0.9572641704830507
ciclo_4;10359-Rorainópolis-RR.pdf;24331;0.013827160493827163;0.02646090534979424;0.008847736625514406;0.9521399176954732
ciclo_4;10323-São Borja-RS.pdf;13469;0.01315887294624935;0.028399375511114412;0.007137015835253885;0.9526429261764926
ciclo_4;10374-Jataí-GO.pdf;51410;0.013757624179121929;0.0247091607069782;0.0060603698579418126;0.9572851101974005
ciclo_4;10379-São Domingos-SC.pdf;36466;0.013041210224308816;0.03151854597369794;0.007907091672844084;0.9487137248441917
ciclo_4;10407-Oeiras-PI.pdf;50172;0.018073973478191403;0.025742930180540025;0.00718964690845183;0.9509905735740533
ciclo_4;10291-Criciúma-SC.pdf;15409;0.010007147962830592;0.02703229579569822;0.008382610955877577;0.955877574891156
ciclo_4;10383-Caldas Novas-GO.pdf;29277;0.014231466593684789;0.021141938353118263;0.008005199958947693;0.9581950668810508
ciclo_4;10311-Manhuaçu-MG.pdf;26903;0.014373487246322848;0.02472537702476262;0.008676224166821823;0.9540122882144851
ciclo_4;10289-Estância-SE.pdf;55924;0.019206673110657643;0.02507786489098915;0.005584792181290946;0.9511688683635842
ciclo_4;10403-Tobias Barreto-SE.pdf;26741;0.015798734603721314;0.026281307326569577;0.006252105873984502;0.9527909849874584
ciclo_4;10333-Princesa Isabel-PB.pdf;37410;0.015119079475515117;0.022665239496922663;0.00586031576130586;0.9574257425742574
ciclo_4;10309-Sete Lagoas-MG.pdf;33359;0.013768224860964979;0.02444010220952953;0.008597625131519614;0.9560198406733805
ciclo_4;10436-Cosmópolis-SP.pdf;14335;0.011519128734990223;0.023736386484222296;0.005305780508237923;0.9602066461882157
ciclo_4;10453-Imperatriz-MA.pdf;34759;0.020341131727555608;0.02783220006914832;0.007635127348161808;0.945660942722139
ciclo_4;10346-São Bento-PB.pdf;49304;0.01543617345384381;0.030181781253173556;0.006702548999695339;0.9490809383568599
ciclo_4;10327-Cruzeiro do Sul-AC.pdf;17047;0.02061916230981614;0.023615108970216764;0.007812958937907536;0.9493626270340128
ciclo_4;10356-Lages-SC.pdf;49142;0.01577274209325073;0.02630828170850994;0.008783012716009127;0.9505624388653408
ciclo_4;10541-Serra Talhada-PE.pdf;76362;0.013716054077444566;0.026225724813469534;0.008602037738818007;0.9527805824733481
ciclo_4;10089-Hortolândia-SP.pdf;25847;0.010885144295951967;0.028820453224869258;0.007088901801278325;0.9544450900639163
ciclo_4;10237-Guarapuava-PR.pdf;5231;0.017597551644988524;0.041507268553940324;0.00956388676358072;0.9319051262433053
ciclo_4;10416-Crateús-CE.pdf;1646;0.010935601458080193;0.022478736330498184;0.0018226002430133657;0.9647630619684084
ciclo_4;10321-Uruguaiana-RS.pdf;18067;0.012248517430582495;0.02288976334312475;0.005431469267860111;0.9607604056975003
ciclo_4;10009-Cianorte-PR.pdf;11192;0.015215251051642356;0.030251499149735968;0.009397655061308512;0.9468361227960261
ciclo_4;10335-Colatina-ES.pdf;25873;0.010759346698660889;0.025350259307995972;0.006347240498490596;0.9588977475036767
ciclo_4;10331-Nova Venécia-ES.pdf;36675;0.010459908236836358;0.02438824557570461;0.005844439589250601;0.9609187240550577
ciclo_4;10402-Itabaiana-SE.pdf;113873;0.013412724937993632;0.02416049534732361;0.0074495593590036754;0.956516385512498
ciclo_4;10332-Petrolina-PE.pdf;107583;0.012005886516895792;0.027970269364032636;0.008783204798628964;0.9532804291941432
ciclo_4;10279-Içara-SC.pdf;29983;0.01298701298701299;0.024271358461589822;0.008212866824692019;0.9555303308516677
ciclo_4;10319-Cruz Alta-RS.pdf;31518;0.012676324818909642;0.025575041301308932;0.01248570339306138;0.9505972804676578
ciclo_4;10430-Juazeiro do Norte-CE.pdf;21772;0.021766140536560664;0.03147577193870508;0.006764529934195389;0.9418802632184438
ciclo_4;10062-Arapiraca-AL.pdf;33048;0.015550638091485039;0.029312801236775893;0.0058504349934826744;0.9510746006244506
ciclo_4;10305-Gurupi-TO.pdf;5837;0.009807295251204409;0.03286304198210599;0.007054370268410187;0.9545767377838956
ciclo_4;10410-Sobral-CE.pdf;10215;0.012634671890303624;0.03134182174338884;0.00930460333006856;0.9472086190009796
ciclo_4;10337-Santa Maria-RS.pdf;66714;0.014288930581613507;0.027977485928705435;0.0070093808630393994;0.9520600375234521
ciclo_4;10314-Goiás-GO.pdf;14173;0.017034209782301392;0.023748939779474135;0.006219960418433699;0.9547639242295729
ciclo_4;10343-Dionísio Cerqueira-SC.pdf;25100;0.01591861160981448;0.021504089367644127;0.008378216636744467;0.9555954518252543
ciclo_4;10395-Três Lagoas-MS.pdf;55774;0.014402183672736418;0.02821175879036024;0.009391947706784469;0.9495743993104193
ciclo_4;9958-Itapeva-SP.pdf;23237;0.008711026779938761;0.0255724697054638;0.007848548880934926;0.9599379015912716
ciclo_4;10091-Piancó-PB.pdf;111675;0.019869271669251946;0.024307579194648928;0.005962574756341398;0.9511696509428041
ciclo_4;10400-Piracicaba-SP.pdf;21587;0.012667037861915366;0.027375649591685227;0.0044543429844098;0.9571269487750557
ciclo_4;10642-Barreiras-BA.pdf;38040;0.018589220358619235;0.023460333342110114;0.007846441454488005;0.9517101556123121
ciclo_4;10435-Sorocaba-SP.pdf;32593;0.012630220337420485;0.02470729233889555;0.006576319105128915;0.9576841523001753
ciclo_4;10325-Cachoeira do Sul-RS.pdf;3135;0.014691791759821144;0.028744809964867453;0.0031938677738741618;0.9546470776109869
ciclo_4;10088-Araçatuba-SP.pdf;24093;0.007560651379195745;0.02480059820538385;0.007311399135925557;0.9611997341309404
ciclo_4;10643-Feira de Santana-BA.pdf;24557;0.013971158952571594;0.030556803791004533;0.007598349605784547;0.9510600923240329
ciclo_4;10437-Tabatinga-AM.pdf;14181;0.014042763390021874;0.019899795356714423;0.003387199209653518;0.9633759085456215
ciclo_4;10317-Santo Ângelo-RS.pdf;42797;0.01265822784810126;0.027469056365380565;0.00931233767753106;0.9519174524439037
ciclo_4;10292-Lagarto-SE.pdf;11894;0.012460010102710898;0.027445697928944267;0.006482572823707695;0.954958747263849
ciclo_4;10368-Itaituba-PA.pdf;25113;0.017281979644781485;0.028457393733785672;0.006066653362602274;0.9505088804629814
ciclo_4;10308-Canguaretama-RN.pdf;58945;0.013189652241900943;0.02724615018526702;0.007172723255260564;0.9542781384913486
ciclo_4;10391-Catalão-GO.pdf;46603;0.01952445389522521;0.022832227162403077;0.008119079837618403;0.9505122752754687
ciclo_4;10247-Barbacena-MG.pdf;24027;0.022737702866202192;0.022821143977637782;0.008552713922149442;0.9483082314656431
ciclo_4;10322-Alegrete-RS.pdf;31960;0.015376906454542606;0.024458989696533148;0.012370423726159534;0.9487018884469639
ciclo_4;10315-Teófilo Otoni-MG.pdf;33519;0.015004333921152526;0.023522730669217208;0.00818961652270078;0.9551364437935261
ciclo_4;10318-Curvelo-MG.pdf;48124;0.014704657169041072;0.02736815796050987;0.008268766141797883;0.951991168874448
ciclo_4;10406-Caracol-PI.pdf;28908;0.016872228381374723;0.028478381374722837;0.0056125277161862535;0.9505612527716187
ciclo_4;10313-Barbalha-CE.pdf;11475;0.014825150431673498;0.032092090346210855;0.006453300776140229;0.9473271125839364
ciclo_4;10245-Nova Xavantina-MT.pdf;56714;0.012832750026513946;0.029236044826245273;0.010464170820518256;0.9499416693180612
ciclo_4;10638-Alagoinhas-BA.pdf;96600;0.015719292424462374;0.025932684929802368;0.009622363700462454;0.9503639493166878
ciclo_4;9947-Cachoeiro de Itapemirim-ES.pdf;24968;0.010222899294419496;0.025016035920461845;0.005251763951250802;0.9604714560615779
ciclo_4;10046-Araras-SP.pdf;34088;0.012193330395181435;0.02573821066549141;0.006434552666372852;0.9571911267812547
ciclo_4;10588-Garanhuns-PE.pdf;99949;0.014417340912964578;0.027040033687249977;0.00892311085711994;0.9517049157317453
ciclo_4;10193-Goianinha-RN.pdf;34417;0.01338843937365388;0.027882880260783515;0.005995692415158043;0.9544502008265906
ciclo_4;10310-Passos-MG.pdf;22333;0.010042591347231558;0.02434431741761937;0.007666442501681236;0.9592019726518717
ciclo_4;10424-Breves-PA.pdf;42519;0.017754827756949844;0.02702129164603522;0.00787531536629648;0.9498950743910777
ciclo_4;9802-Campo Verde-MT.pdf;25871;0.01945359426467739;0.031273009106762256;0.006936640186010463;0.9448944003100174
ciclo_4;10641-Jequié-BA.pdf;50387;0.01578591594099169;0.027297308044057417;0.009781701061672435;0.9489045290071176
ciclo_4;10090-Salinas-MG.pdf;15614;0.013479684190256112;0.026381667629501247;0.0069324090121317145;0.9554528531998203
ciclo_4;10281-Araguaína-TO.pdf;4153;0.011838608359507128;0.03334138680840782;0.007731336071514859;0.9504711282918579
ciclo_4;10362-Ceres-GO.pdf;24656;0.016249593760156;0.025755606109847257;0.008206044848878779;0.9514137146571335
ciclo_4;10365-Caruaru-PE.pdf;79216;0.013071564921684386;0.024777821321568083;0.006674841662136707;0.9569042893442727
ciclo_4;10345-Alexandria-RN.pdf;33907;0.015157334909144633;0.030285123356478063;0.009779878859506576;0.946609543507165
ciclo_4;10405-Bom Jesus-PI.pdf;28389;0.015994068424954985;0.03664866009956573;0.009532888465204958;0.9401546446351022
ciclo_4;10238-Umuarama-PR.pdf;23834;0.01617918977979493;0.02391158177845016;0.008867036476718777;0.9526390990082368
ciclo_4;10434-Pinheiro-MA.pdf;67563;0.02293258176963583;0.026344285396425127;0.009671438107246163;0.9432470518430616
ciclo_4;9824-Cornélio Procópio-PR.pdf;50329;0.016267771096332283;0.02723905857990522;0.010473497670343676;0.94815021305404
ciclo_4;10639-Paulo Afonso-BA.pdf;57365;0.01239395314736585;0.02684774639527983;0.007628390880843489;0.9545089550675558
ciclo_4;10388-Sertãozinho-SP.pdf;12101;0.008440215142738934;0.027306578402978905;0.008605709557302443;0.9569714522134879
ciclo_4;10442-Viçosa-MG.pdf;11033;0.01733212341197822;0.03003629764065335;0.007894736842105263;0.9459165154264972
ciclo_4;10286-Cascavel-PR.pdf;49388;0.011384621628751748;0.025549444974328792;0.008482659252795422;0.9568358463380482
ciclo_4;10438-Icó-CE.pdf;15786;0.01554765833227567;0.021766721665185937;0.006599822312476202;0.9578626729280365
ciclo_4;10287-Londrina-PR.pdf;21393;0.010018726591760303;0.02743445692883895;0.006601123595505618;0.9574906367041199
ciclo_4;10312-Juiz de Fora-MG.pdf;39386;0.016970282922857724;0.026943822511703644;0.009846326073682066;0.9483258701404437
ciclo_4;10324-Santa Rosa-RS.pdf;19809;0.01370140047525153;0.02876788513069416;0.007735477021082965;0.9513119975731836
ciclo_4;10361-Rio Verde-GO.pdf;22092;0.014372506347479146;0.020266594124047885;0.007934348929996372;0.9590587595212188
ciclo_4;10371-Aquidauana-MS.pdf;75975;0.015993776535428914;0.026304686057857123;0.008240816434165767;0.9512143667097387
ciclo_4;10444-Itaperuna-RJ.pdf;90415;0.013727923416136678;0.02648082079464622;0.007711569570323752;0.9538635406740976
ciclo_5;12322-Parnamirim-RN.pdf;21526;0.015484770983492211;0.02236689142059986;0.005719600093001626;0.9574052545919554
ciclo_5;12344-Itajubá-MG.pdf;10802;0.011783262200779366;0.023473742809426608;0.005288550751530897;0.9616812024494339
ciclo_5;12190-Tamandaré-PE.pdf;63235;0.01453221465885705;0.02572423618806395;0.006664555960107644;0.9541079626404939
ciclo_5;12370-Itatira-CE.pdf;2899;0.011061182163843764;0.03664016591773246;0.007950224680262704;0.9464223988938818
ciclo_5;12553-Olho d'Água das Cunhãs-MA.pdf;66890;0.026241336466925138;0.026405999730551022;0.0076792958400071845;0.9409757046839212
ciclo_5;12205-Vitória do Xingu-PA.pdf;38149;0.012788865546218484;0.02778361344537815;0.005409663865546219;0.955829831932773
ciclo_5;12257-Autazes-AM.pdf;22076;0.02031193326079072;0.025797968806673927;0.00521400072542619;0.9495828799419659
ciclo_5;12167-Barreiros-PE.pdf;27727;0.013102328099621002;0.023353185345605487;0.007976899476628765;0.9563616675690307
ciclo_5;12269-São José do Rio Preto-SP.pdf;61925;0.01905932984936981;0.03387965764395619;0.013412720242043782;0.9355574611289982
ciclo_5;12312-Rio Largo-AL.pdf;26304;0.020195092211553117;0.024043590916018903;0.007544581618655693;0.9505029721079103
ciclo_5;12421-Vitorino Freire-MA.pdf;103841;0.02458597374538229;0.023795055798296636;0.007137552205407179;0.9460632541450854
ciclo_5;12139-Anagé-BA.pdf;70274;0.014743836534485463;0.025409590623262177;0.008113387802826139;0.9537722262622805
ciclo_5;12282-Montes Claros-MG.pdf;38464;0.013278829380060928;0.020699351680683205;0.007576743822740644;0.9599291795766396
ciclo_5;12281-Campo Grande-MS.pdf;22045;0.015182508295831627;0.025273876085276602;0.007091231419609982;0.9545433883358334
ciclo_5;12192-Rio Branco-AC.pdf;43436;0.01930484120211269;0.026293332103235926;0.00597366053924395;0.9502502479415088
ciclo_5;12143-Introdução.pdf;51687;0.01375542467451953;0.028498915065096095;0.008175759454432734;0.9509454432734037
ciclo_5;12311-Teresópolis-RJ.pdf;29603;0.016069555803646943;0.025169998985080683;0.010047701207753983;0.9502012923305931
ciclo_5;12372-Ubajara-CE.pdf;22576;0.014070753251364903;0.029916995871987213;0.0054596298104665104;0.9526388210750588
ciclo_5;12356-Pouso Alegre-MG.pdf;14954;0.017211358156978294;0.026252343959282082;0.007835521028663275;0.950174122689526
ciclo_5;12155-Palmas-TO.pdf;1229;0.008136696501220505;0.023596419853539465;0.017900732302685112;0.950366151342555
ciclo_5;12361-Boa Vista-RR.pdf;17699;0.013401187446988974;0.030025445292620863;0.005937234944868531;0.951427763641504
ciclo_5;12154-São Raimundo Nonato-PI.pdf;46265;0.018767046192475864;0.03036928005541366;0.005259967963981126;0.9470539850209966
ciclo_5;12355-Uberlândia-MG.pdf;106177;0.015733094238119957;0.027398423859185502;0.008579113774715682;0.9503845972346752
ciclo_5;12549-Timon-MA.pdf;61192;0.019639961342528135;0.025717046962276207;0.00897639600976265;0.9480089763960098
ciclo_5;12194-Santo André-SP.pdf;40754;0.011670188197140191;0.03501056459142057;0.008893911847083682;0.9457029138617268
ciclo_5;12179-Santarém-PA.pdf;79586;0.019376282624296526;0.026376421116245108;0.007579286640563033;0.9486698477847584
ciclo_5;12178-São José-SC.pdf;13029;0.014623258677749561;0.034326175633033175;0.006849842222735317;0.9469714461633187
ciclo_5;12368-Várzea Grande-MT.pdf;56433;0.01795928518136924;0.029647919849362277;0.005435748037090986;0.9494262265960849
ciclo_5;12267-São Carlos-SP.pdf;64600;0.01204669839842478;0.03274469371618165;0.008527263988588973;0.9482472596474364
ciclo_5;12152-Maringá-PR.pdf;57609;0.019400598011264862;0.023416313191015923;0.007162227939642582;0.9514985049718379
ciclo_5;12204-Abaetetuba-PA.pdf;45443;0.015488334177884509;0.023728216087598317;0.005684196611513802;0.9562889686928551
ciclo_5;12360-Muriaé-MG.pdf;107742;0.01239815469325496;0.026693701402581933;0.0071245210015253545;0.9558856356263254
ciclo_5;12388-Cajazeiras-PB.pdf;42224;0.01890726436999479;0.021845235274605506;0.005094062455575037;0.9545799175472681
ciclo_5;12264-Aparecida de Goiânia-GO.pdf;103393;0.014264118764293192;0.024981588433660218;0.008294895150974844;0.9543683863715648
ciclo_5;12367-Camocim-CE.pdf;5477;0.006030701754385965;0.017543859649122806;0.006944444444444444;0.9703947368421053
ciclo_5;11988-Joinville-SC.pdf;18420;0.013723247835321023;0.025104830365408705;0.010346893209170616;0.9539290965528509
ciclo_5;12177-Florianópolis-SC.pdf;32266;0.01270462522908707;0.03472804646972944;0.009070294784580499;0.9457646072127482
ciclo_5;12159-Pancas-ES.pdf;18050;0.01912734933747297;0.024837833342573598;0.00637578311249099;0.9503797749071352
ciclo_5;12122-Santos-SP.pdf;28622;0.010775258886090119;0.02973691575706689;0.009865659109991598;0.9509515813042262
ciclo_5;12338-General Maynard-SE.pdf;21202;0.012698862295236747;0.02308454893074636;0.005098427984704717;0.9600151064532878
ciclo_5;12191-Ouricuri-PE.pdf;54967;0.01669731786813307;0.025218958830277315;0.008594475500282233;0.9503632622589631
ciclo_5;12161-Vila Velha-ES.pdf;33916;0.02758600342243465;0.024222576267185932;0.006785861804449166;0.9420546409393993
ciclo_5;12070-Caxias do Sul-RS.pdf;59838;0.013104383190239493;0.025991196800053552;0.008769727703302036;0.9535907348830981
ciclo_5;12287-Uberaba-MG.pdf;38455;0.011226004740447479;0.025968275466881983;0.009454848540098457;0.9549657489646551
ciclo_5;12362-Porto Velho-RO.pdf;36339;0.017520178507479132;0.029282939863915593;0.008181592793586951;0.9460620919533896
ciclo_5;12197-Bauru-SP.pdf;20256;0.016124245721634192;0.02730240379859531;0.008853496883964782;0.9495993669007815
ciclo_5;12352-Lavras-MG.pdf;18550;0.018468517118479313;0.02300464413003564;0.007938222270223566;0.9523166648666164
ciclo_5;12142-Mata Grande-AL.pdf;15421;0.014737388820359666;0.021619165097708237;0.009998052327468669;0.9548139972732586
ciclo_5;12371-Milagres-CE.pdf;4178;0.003592814371257485;0.014850299401197605;0.012455089820359283;0.9698203592814371
ciclo_5;12340-Ferreira Gomes-AP.pdf;19427;0.016122385907077364;0.02147934480271969;0.004584320593386214;0.958483568558772
ciclo_5;12353-Natal-RN.pdf;31842;0.015352188001384211;0.02545065592852424;0.006040205115298707;0.9548872180451128
ciclo_5;12123-São José dos Campos-SP.pdf;23162;0.012837136929460579;0.03323824343015214;0.008947095435684647;0.9461013139695713
ciclo_5;12150-Ponta Grossa-PR.pdf;61004;0.020005908225562922;0.025093546904746272;0.006810871135035777;0.9492713188472396
ciclo_5;12369-Iguatu-CE.pdf;39783;0.01607619815552084;0.026256110467167262;0.006123066068638813;0.9539888121755784
ciclo_5;12316-Mossoró-RN.pdf;24946;0.015747398867151402;0.033824770015667055;0.008436106535973967;0.9441208371831439
ciclo_5;12175-Chapecó-SC.pdf;9722;0.015036045314109165;0.02265705458290422;0.005870236869207002;0.9576725025746652
ciclo_5;12373-Crato-CE.pdf;10026;0.021973631642029565;0.02277267279264882;0.006891729924091088;0.9497602876548142
edicoes_anteriores/sorteio_34;1842-São Raimundo do Doca Bezerra-MA.pdf;29454;0.022432193596628375;0.03184691727278908;0.006797634423220719;0.9400108762150771
edicoes_anteriores/sorteio_34;1878-Arujá-SP.pdf;7358;0.01620149761742682;0.032266848196051745;0.009802586793737238;0.943498978897209
edicoes_anteriores/sorteio_34;1877-Lagarto-SE.pdf;40677;0.017992704328108053;0.02935522034900917;0.009242827565808933;0.9459972394755003
edicoes_anteriores/sorteio_34;1860-Santa Cruz do Capibaribe-PE.pdf;63606;0.016793748818451068;0.03239019471926397;0.007798222950406454;0.9450658516604701
edicoes_anteriores/sorteio_34;1840-Santo Antônio da Barra-GO.pdf;14416;0.016943267828623015;0.03340045830150683;0.008402194292063049;0.9422956739115339
edicoes_anteriores/sorteio_34;1864-Paranaguá-PR.pdf;6908;0.01870107277471731;0.032183241519280946;0.007828356045230501;0.9427370252247027
edicoes_anteriores/sorteio_34;1876-Japaratuba-SE.pdf;41450;0.018450898362875726;0.026116605808526584;0.007012792300437693;0.9507653616424443
edicoes_anteriores/sorteio_34;1825-Manoel Urbano-AC.pdf;24241;0.01781359785079562;0.03050216986980781;0.01190328580285183;0.9416821657367225
edicoes_anteriores/sorteio_34;1872-Muçum-RS.pdf;14689;0.019766887056097065;0.02685570172449049;0.008929180014995574;0.945675141435485
edicoes_anteriores/sorteio_34;1875-Benedito Novo-SC.pdf;19723;0.019403667394727493;0.03276273683141159;0.007314471478640729;0.9423477421648804
edicoes_anteriores/sorteio_34;1835-Itapagé-CE.pdf;53466;0.016446259318922563;0.027441651369272835;0.00970291836811149;0.9479076911549844
edicoes_anteriores/sorteio_34;1883-Taubaté-SP.pdf;7476;0.019269369731031712;0.030376020339890276;0.00936705473036264;0.9413890004014451
edicoes_anteriores/sorteio_34;1831-Lamarão-BA.pdf;15936;0.01880148399673018;0.02917688486449098;0.008866251650631955;0.9452304596616989
edicoes_anteriores/sorteio_34;1882-Santa Albertina-SP.pdf;18608;0.017051261363025115;0.03501694368242698;0.010381367328277123;0.9384648485826476
edicoes_anteriores/sorteio_34;1857-Manaíra-PB.pdf;13309;0.023443389115030907;0.03346901854364541;0.008819538670284939;0.9375094225840495
edicoes_anteriores/sorteio_34;1865-Roncador-PR.pdf;21394;0.025749063670411985;0.03267790262172284;0.007303370786516854;0.9358614232209739
edicoes_anteriores/sorteio_34;1837-São Mateus-ES.pdf;13797;0.017414018284719203;0.039907125235814835;0.007473516180525323;0.9362937164417355
edicoes_anteriores/sorteio_34;1836-Jaguaribe-CE.pdf;48899;0.019707864708172006;0.02972568782906193;0.00948517812877717;0.9428430950771309
edicoes_anteriores/sorteio_34;1828-América Dourada-BA.pdf;29189;0.02146586069515043;0.029777441956312677;0.00838027201538673;0.9428836378623437
edicoes_anteriores/sorteio_34;1843-Borda da Mata-MG.pdf;20245;0.020817880630964736;0.023636453542995598;0.007516194432082283;0.9491173416407062
edicoes_anteriores/sorteio_34;1829-Aurelino Leal-BA.pdf;23741;0.021311613774476705;0.034520594193112764;0.009115462525320727;0.9369513841998649
edicoes_anteriores/sorteio_34;1838-Edealina-GO.pdf;6449;0.021438558334627933;0.0332453006058723;0.01056392729532391;0.9366164362280566
edicoes_anteriores/sorteio_34;1850-Selvíria-MS.pdf;43778;0.017322654462242564;0.029954233409610988;0.007551487414187643;0.9469565217391305
edicoes_anteriores/sorteio_34;1861-Betânia do Piauí-PI.pdf;34608;0.015504772924501014;0.02655481631472375;0.0059010702921608316;0.9531385594446051
edicoes_anteriores/sorteio_34;1869-Upanema-RN.pdf;14746;0.020097772949483967;0.028109722976643117;0.010116784356328084;0.9428978815860944
edicoes_anteriores/sorteio_34;1863-Araucária-PR.pdf;9521;0.022794117647058822;0.026995798319327732;0.009243697478991595;0.9410714285714286
edicoes_anteriores/sorteio_34;1884-Novo Acordo-TO.pdf;22047;0.016721192293711377;0.025808796801163214;0.009541984732824426;0.949700109051254
edicoes_anteriores/sorteio_34;1839-Nova Glória-GO.pdf;9377;0.020933461497383312;0.03150699562106162;0.008651073373918615;0.9404037167574494
edicoes_anteriores/sorteio_34;1846-Durandé-MG.pdf;19101;0.015772374764200372;0.029448752881995388;0.007073988681618108;0.9485956822469084
edicoes_anteriores/sorteio_34;1844-Campo Belo-MG.pdf;6945;0.028740612362796066;0.029318313113807046;0.0076545349508954355;0.937319468515309
edicoes_anteriores/sorteio_34;1832-Ubaíra-BA.pdf;18686;0.016125575913425477;0.027536697739204967;0.009321761491481837;0.948087431693989
edicoes_anteriores/sorteio_34;1848-Nova Ponte-MG.pdf;16963;0.02278915591334202;0.025748786551438377;0.007754232271812478;0.9477921155439801
edicoes_anteriores/sorteio_34;1833-Boa Viagem-CE.pdf;38150;0.019728891924552093;0.03252246098880891;0.008143750328377029;0.9418115903956286
edicoes_anteriores/sorteio_34;1867-Fernando Pedroza-RN.pdf;17834;0.015501263689974723;0.027071047458579058;0.008031451839370964;0.9510249929795003
edicoes_anteriores/sorteio_34;1855-Primavera-PA.pdf;32559;0.020256749684450327;0.028538004494658747;0.008589108148877875;0.944955823045901
edicoes_anteriores/sorteio_34;1826-Feliz Deserto-AL.pdf;29750;0.02489403216039831;0.030108322680481737;0.008073740160129182;0.9377312790150037
edicoes_anteriores/sorteio_34;1870-Arroio dos Ratos-RS.pdf;13652;0.01980052801408038;0.02838075682018188;0.012980346142563803;0.9400117336462306
edicoes_anteriores/sorteio_34;1834-Iracema-CE.pdf;20259;0.017050509044183055;0.02891173272709301;0.009192448354255214;0.9460808540081053
edicoes_anteriores/sorteio_34;1879-Cesário Lange-SP.pdf;18095;0.021369650667109566;0.03127941095056193;0.010241931019210546;0.938880584620495
edicoes_anteriores/sorteio_34;1873-Segredo-RS.pdf;13875;0.022358456545257845;0.02574828705373242;0.006563288856833754;0.946051208077894
edicoes_anteriores/sorteio_34;1847-Minduri-MG.pdf;17059;0.020838224935430853;0.02529936604836816;0.008335289974172341;0.9468772012209438
edicoes_anteriores/sorteio_34;1862-Floriano-PI.pdf;26304;0.01702532850885546;0.02902304322986098;0.009179203961150259;0.9466387354789565
edicoes_anteriores/sorteio_34;1853-Bagre-PA.pdf;24533;0.01911608528714974;0.030226288701903435;0.008128420880647006;0.9446123682705662
edicoes_anteriores/sorteio_34;1866-Maricá-RJ.pdf;8713;0.01723741668581935;0.029188692254654095;0.012066191680073547;0.9427717766030796
edicoes_anteriores/sorteio_34;1852-Santo Antônio do Leste-MT.pdf;43283;0.018054719688903292;0.031317994537289943;0.007453358640803667;0.9450488403314661
edicoes_anteriores/sorteio_34;1851-Reserva do Cabaçal-MT.pdf;26512;0.02066724600445839;0.026372463822873768;0.008047757584917067;0.9466127630634376
edicoes_anteriores/sorteio_34;1881-Pratânia-SP.pdf;4519;0.021262458471760795;0.03565891472868218;0.00487264673311185;0.939091915836102
edicoes_anteriores/sorteio_34;1874-Bandeirante-SC.pdf;10662;0.01700169077587827;0.03146721773436032;0.008923539357505166;0.9441104640240467
edicoes_anteriores/sorteio_34;1856-Curral de Cima-PB.pdf;32893;0.014801279122887163;0.02941982640475103;0.0062433379016293596;0.9513019643672911
edicoes_anteriores/sorteio_34;1849-Santana de Cataguases-MG.pdf;11743;0.019616204690831564;0.030788912579957358;0.006823027718550109;0.9443070362473348
edicoes_anteriores/sorteio_34;1868-João Câmara-RN.pdf;25172;0.017972166998011924;0.02803180914512922;0.007196819085487077;0.9476739562624255
edicoes_anteriores/sorteio_34;1845-Caputira-MG.pdf;25375;0.017671886710583416;0.027967338566525973;0.006193049583842846;0.9491144333556862
edicoes_anteriores/sorteio_34;1871-Bento Gonçalves-RS.pdf;17416;0.010979535525408137;0.028282363761784314;0.008737640836974014;0.953150149459646
edicoes_anteriores/sorteio_34;1858-Caruaru-PE.pdf;72647;0.015694974576621515;0.026718661724380262;0.008901627371815189;0.9497319866062203
edicoes_anteriores/sorteio_34;1841-Bela Vista do Maranhão-MA.pdf;49787;0.020356029367394148;0.0329075731670522;0.006959670119682189;0.9412249823996782
edicoes_anteriores/sorteio_34;1827-Urucurituba-AM.pdf;44635;0.018287073395112974;0.02775596293221442;0.008548926335629498;0.9469338299638747
edicoes_anteriores/sorteio_34;1830-Canápolis-BA.pdf;40936;0.015065544903150067;0.02741635687732342;0.007606143611817649;0.9510858931715905
edicoes_anteriores/sorteio_34;1859-Quipapá-PE.pdf;66134;0.0189951073208416;0.02818970871139252;0.008270596967447778;0.9463168577790569
edicoes_anteriores/sorteio_35;1897-Palminópolis-GO.pdf;13007;0.020313942751615882;0.022776238842720835;0.010310864881502;0.9474453678054785
edicoes_anteriores/sorteio_35;1896-Diorama-GO.pdf;5998;0.022867634785511595;0.026039058587881816;0.011517275913870806;0.9407444500083457
edicoes_anteriores/sorteio_35;1916-Agrestina-PE.pdf;71101;0.01901837033697735;0.025963597430406854;0.0065507720049588665;0.950115518990195
edicoes_anteriores/sorteio_35;1920-Santo Antônio dos Milagres-PI.pdf;16264;0.016986706056129987;0.03483505662235352;0.009354997538158542;0.9398079763663221
edicoes_anteriores/sorteio_35;1914-Queimadas-PB.pdf;8767;0.02649309124129268;0.028548589699668846;0.008792965627497996;0.9373072970195272
edicoes_anteriores/sorteio_35;1921-Bituruna-PR.pdf;28530;0.017019932622122404;0.03021476698483998;0.007404548006737789;0.9465539023020775
edicoes_anteriores/sorteio_35;1928-Presidente Médici-RO.pdf;46217;0.018685511141940524;0.027854851296280233;0.007586924477586058;0.9477152518858927
edicoes_anteriores/sorteio_35;1898-Piracanjuba-GO.pdf;28969;0.017594192879363986;0.029484963705496022;0.008745247148288976;0.9455236778430696
edicoes_anteriores/sorteio_35;1937-Nossa Senhora Aparecida-SE.pdf;41064;0.01789118639096642;0.031382900718580437;0.007576868553551351;0.9468152710563622
edicoes_anteriores/sorteio_35;1912-Santa Maria do Pará-PA.pdf;27855;0.02106398274622574;0.03306973400431345;0.007872034507548526;0.9392523364485981
edicoes_anteriores/sorteio_35;1922-Indianópolis-PR.pdf;11523;0.01957883745214062;0.032283327532196315;0.006091193873999305;0.944744169857292
edicoes_anteriores/sorteio_35;1892-Farias Brito-CE.pdf;30457;0.019305400249950665;0.027132802736302045;0.009866473722291652;0.9453726238242453
edicoes_anteriores/sorteio_35;1926-Parazinho-RN.pdf;21085;0.019539792716554153;0.02624322525435011;0.0074641057335742104;0.9491775221070646
edicoes_anteriores/sorteio_35;1935-Sangão-SC.pdf;17643;0.018268467037331218;0.02921820038579372;0.008566889821854079;0.9449109270396004
edicoes_anteriores/sorteio_35;1893-Horizonte-CE.pdf;19022;0.018597544913334388;0.02834413360729151;0.010747589694958117;0.9444707865760498
edicoes_anteriores/sorteio_35;1905-Mesquita-MG.pdf;23433;0.020131646435288083;0.025816378868182593;0.007522653445033339;0.9481107881689178
edicoes_anteriores/sorteio_35;1887-Morro do Chapéu-BA.pdf;50853;0.019693568080664855;0.02782701169797944;0.008547008547008548;0.945409429280397
edicoes_anteriores/sorteio_35;1906-Patrocínio-MG.pdf;49625;0.04537106182009002;0.018285668153470443;0.010313439764264232;0.927604093083335
edicoes_anteriores/sorteio_35;1931-Itaara-RS.pdf;6955;0.026770293609671845;0.02921704087507196;0.009499136442141622;0.9355210132412204
edicoes_anteriores/sorteio_35;1909-Colíder-MT.pdf;31834;0.020671428121951985;0.031746531164458996;0.006984866123399303;0.9422018059969166
edicoes_anteriores/sorteio_35;1891-Arneiroz-CE.pdf;37735;0.016393007772089442;0.030106899387251654;0.007692511737711877;0.9467625135945249
edicoes_anteriores/sorteio_35;1934-Jupiá-SC.pdf;7664;0.019884877027734164;0.030743066457352166;0.007980115122972267;0.9440083725798012
edicoes_anteriores/sorteio_35;1929-Uiramutã-RR.pdf;40357;0.0171990171990172;0.02357729630456903;0.008835281562554287;0.9519767701585884
edicoes_anteriores/sorteio_35;1933-Santa Clara do Sul-RS.pdf;12184;0.017662038938634685;0.03097017990635012;0.007557709685369259;0.9447137106711574
edicoes_anteriores/sorteio_35;1888-Nova Ibiá-BA.pdf;12962;0.017608897126969413;0.028653073833796717;0.007645968489341982;0.9471733086190915
edicoes_anteriores/sorteio_35;1917-Orocó-PE.pdf;56461;0.018553994607634454;0.026802185327089542;0.006492124308216263;0.949659429544487
edicoes_anteriores/sorteio_35;1919-Bela Vista do Piauí-PI.pdf;16759;0.0179265013444876;0.03525545264415894;0.006453540484015535;0.9417986256348968
edicoes_anteriores/sorteio_35;1894-Poranga-CE.pdf;31113;0.018084113653184027;0.026353895163625834;0.007851465714193775;0.9488689384432216
edicoes_anteriores/sorteio_35;1900-Itaipava do Grajaú-MA.pdf;43338;0.017528058750173197;0.028682277954828875;0.0052191584684310195;0.9494018752020692
edicoes_anteriores/sorteio_35;1925-Itaú-RN.pdf;18444;0.020363833831115938;0.026120010860711376;0.008199837089329351;0.9468911213684497
edicoes_anteriores/sorteio_35;1942-Riversul-SP.pdf;15749;0.021095437793874697;0.0287202948278053;0.00781547845977888;0.9430677341466513
edicoes_anteriores/sorteio_35;1924-Porciúncula-RJ.pdf;6764;0.01985773562537048;0.03334321280379371;0.006224066390041495;0.9429460580912862
edicoes_anteriores/sorteio_35;1885-Santana do Mundaú-AL.pdf;42642;0.017657141515414778;0.028669374721172133;0.008523327619807931;0.9463946089365799
edicoes_anteriores/sorteio_35;1938-Adamantina-SP.pdf;14708;0.025088628306517594;0.026724843196073086;0.011589855467684759;0.9393236978456503
edicoes_anteriores/sorteio_35;1943-São Sebastião da Grama-SP.pdf;12018;0.020425177157148804;0.033513964151729886;0.011754897874114215;0.9362234264276781
edicoes_anteriores/sorteio_35;1911-Bujaru-PA.pdf;40794;0.01952213736708985;0.029369152567345236;0.0071949512560469525;0.9456572452913588
edicoes_anteriores/sorteio_35;1940-Palmares Paulista-SP.pdf;20663;0.021288977256195135;0.029581494592890747;0.01023228747393434;0.9409339993210805
edicoes_anteriores/sorteio_35;1908-Antônio João-MS.pdf;27682;0.017394134451958195;0.02737496835786352;0.008895960655263442;0.9473836473438686
edicoes_anteriores/sorteio_35;1936-Divina Pastora-SE.pdf;16701;0.017159656806863856;0.03221935561288774;0.008399832003359932;0.9442611147777044
edicoes_anteriores/sorteio_35;1901-Carrancas-MG.pdf;13067;0.017387973956338572;0.027192646495595565;0.0046725392569896594;0.9516660283416316
edicoes_anteriores/sorteio_35;1904-Itinga-MG.pdf;26410;0.02028282215566592;0.027069037418963486;0.008909277021647646;0.944989953368465
edicoes_anteriores/sorteio_35;1902-Cláudio-MG.pdf;16384;0.01790625190979649;0.02536209741489947;0.00782252643158345;0.9501925074864023
edicoes_anteriores/sorteio_35;1941-Pontes Gestal-SP.pdf;11762;0.01820966643975493;0.02518720217835261;0.01182777399591559;0.9456262763784887
edicoes_anteriores/sorteio_35;1907-São João do Manteninha-MG.pdf;17609;0.01767949519640725;0.03456312887271901;0.007162753680859531;0.9416178727758513
edicoes_anteriores/sorteio_35;1889-Rio do Antônio-BA.pdf;17443;0.017915590008613272;0.02693080677576802;0.0064312374389893755;0.9503301751363766
edicoes_anteriores/sorteio_35;1915-Umbuzeiro-PB.pdf;26230;0.018942865872288422;0.026772074549343113;0.006721662083715248;0.9493201955392607
edicoes_anteriores/sorteio_35;1930-Glorinha-RS.pdf;6871;0.019239177962396155;0.03191954525579361;0.009765340329398044;0.9405334499344118
edicoes_anteriores/sorteio_35;1918-Taquaritinga do Norte-PE.pdf;76827;0.01799358489581975;0.026534018306516808;0.007784181291887241;0.9494223798471848
edicoes_anteriores/sorteio_35;1886-Barreiras-BA.pdf;27940;0.016775997419077322;0.025343226870272795;0.009248306269491344;0.9501738538194071
edicoes_anteriores/sorteio_35;1899-Fortuna-MA.pdf;45177;0.019229917142983742;0.026895298861269887;0.0072001417874075066;0.9475386592228277
edicoes_anteriores/sorteio_35;1939-Auriflama-SP.pdf;11544;0.018306437619295506;0.03071317022384175;0.011365608190178726;0.9411764705882353
edicoes_anteriores/sorteio_35;1895-Ponto Belo-ES.pdf;20996;0.017507036206649812;0.034870963125506846;0.006821542718122406;0.9423746601154416
edicoes_anteriores/sorteio_35;1890-Tremedal-BA.pdf;19369;0.02532561505065124;0.02734132726896837;0.007907794087244159;0.9405106470953071
edicoes_anteriores/sorteio_35;1932-Relvado-RS.pdf;8109;0.019997531168991486;0.02925564745093199;0.009875324034069868;0.9418590297494137
edicoes_anteriores/sorteio_35;1927-São Miguel-RN.pdf;83850;0.016138280335427767;0.03136870774302984;0.0076570227202140614;0.9464605681248058
edicoes_anteriores/sorteio_35;1923-Itaguajé-PR.pdf;11058;0.018377693282636245;0.029241354336411368;0.008057215281549882;0.9454101032047799
edicoes_anteriores/sorteio_35;1913-São Félix do Xingu-PA.pdf;33428;0.01789729292202536;0.02794016248463591;0.007914380789639356;0.9483766525766705
edicoes_anteriores/sorteio_35;1910-Santa Rita do Trivelato-MT.pdf;30994;0.014881528826909417;0.028181289947704823;0.007037252243527664;0.9504164245593646
edicoes_anteriores/sorteio_35;1944-Bandeirantes do Tocantins-TO.pdf;23688;0.016144710705380167;0.025400447994590254;0.009424791851570094;0.9501711677443895
edicoes_anteriores/sorteio_36;2467-Mamanguape-PB.pdf;11678;0.0362934362934363;0.030459030459030458;0.006864006864006862;0.9283569283569284
edicoes_anteriores/sorteio_36;2459-Bela Vista da Caroba-PR.pdf;6038;0.01724709784411277;0.03598673300165836;0.006301824212271972;0.9417910447761193
edicoes_anteriores/sorteio_36;2491-Sobral-CE.pdf;22290;0.01888743985249809;0.03282816926743716;0.01092773305751675;0.9397400728515537
edicoes_anteriores/sorteio_36;2477-Terra Rica-PR.pdf;20086;0.019031486648066958;0.03293144679155042;0.008170585890793145;0.9405639697090473
edicoes_anteriores/sorteio_36;2489-Japoatã-SE.pdf;50725;0.015441728209786343;0.029520950989297422;0.006279372852572964;0.9503969037557759
edicoes_anteriores/sorteio_36;2483-Pontal do Paraná-PR.pdf;13915;0.01589127777378299;0.03077586826777882;0.007118717192780615;0.9467893866398217
edicoes_anteriores/sorteio_36;2497-Santo André-PB.pdf;8761;0.01518784972022382;0.034372501998401285;0.005823912298732443;0.9450725134178373
edicoes_anteriores/sorteio_36;2487-Groaíras-CE.pdf;25957;0.019748515004242843;0.027385636041039878;0.005978554346987579;0.9480830054771272
edicoes_anteriores/sorteio_36;2455-São João da Ponta-PA.pdf;31579;0.017180169899835167;0.03109547356409282;0.00786103714974008;0.9448459490300494
edicoes_anteriores/sorteio_36;2499-São Roque do Canaã-ES.pdf;23967;0.017168636952253638;0.03613350599440244;0.00793683946697857;0.9399306570867622
edicoes_anteriores/sorteio_36;2495-Ibirapitanga-BA.pdf;16105;0.016961789375582476;0.0273376825100963;0.00689655172413793;0.9494252873563218
edicoes_anteriores/sorteio_36;2463-Santana-AP.pdf;35865;0.014568390499846502;0.028076246825374674;0.007870279925204433;0.9504339817476487
edicoes_anteriores/sorteio_36;2475-Jundiá-AL.pdf;35027;0.017179773032615843;0.031986965097332995;0.007317840093759828;0.9447731755424065
edicoes_anteriores/sorteio_36;2473-Faro-PA.pdf;34316;0.016836392285022324;0.027866125879023082;0.007294797350529604;0.9493157480085204
edicoes_anteriores/sorteio_36;2471-Dourados-MS.pdf;14157;0.01896271138470247;0.030496002264204344;0.008844548220476898;0.9433948913889478
edicoes_anteriores/sorteio_36;2469-Monte Alegre-RN.pdf;42873;0.017947699282559418;0.030987824542543993;0.008249398237947235;0.9447313687457642
edicoes_anteriores/sorteio_36;2457-Palestina do Pará-PA.pdf;21097;0.0193138138850662;0.03222132586722346;0.008826460399563425;0.9407772979642196
edicoes_anteriores/sorteio_36;2479-Condado-PE.pdf;61285;0.016784062494892876;0.025772606187386624;0.009004886499207375;0.9500073542630211
edicoes_anteriores/sorteio_36;2481-Iranduba-AM.pdf;23761;0.019127064374789348;0.02772160431412201;0.007583417593528817;0.9466211661611056
edicoes_anteriores/sorteio_36;2465-Balsas-MA.pdf;77621;0.017092802418573402;0.02944406403018049;0.009534760532809654;0.9467707135566724
edicoes_anteriores/sorteio_36;2493-Arraial do Cabo-RJ.pdf;25873;0.01589450073478227;0.02583339778791863;0.008121277747698975;0.9507309149972929
edicoes_anteriores/sorteio_36;2501-Pacoti-CE.pdf;30281;0.021380109217276188;0.03028297203375807;0.010226708588449445;0.9402945556842629
edicoes_anteriores/sorteio_36;2461-Itacuruba-PE.pdf;76742;0.016464290377333855;0.027954040997519254;0.00933542237890064;0.9482308395351873
edicoes_anteriores/sorteio_37;2781-São Domingos-SE.pdf;21962;0.021854183775891968;0.031937220549320196;0.00789305593576056;0.9403230221735561
edicoes_anteriores/sorteio_37;2795-Cidade Ocidental-GO.pdf;18437;0.018903797055787926;0.025802596556032377;0.007550654571133684;0.9492639469824542
edicoes_anteriores/sorteio_37;2821-Aurora do Pará-PA.pdf;23275;0.01698267337374779;0.02725826561761038;0.0071370222279547695;0.9493099445375983
edicoes_anteriores/sorteio_37;2761-Iúna-ES.pdf;29743;0.015822252146103354;0.029893957246254838;0.0075071536778320135;0.9480558828480056
edicoes_anteriores/sorteio_37;2837-Belford Roxo-RJ.pdf;21280;0.01706789542975362;0.028587549369945467;0.006112469437652813;0.9487963137107391
edicoes_anteriores/sorteio_37;2847-Lagoa Alegre-PI.pdf;30301;0.015200581587469435;0.03241689247240764;0.006840261714361244;0.9468310091864385
edicoes_anteriores/sorteio_37;2859-Vazante-MG.pdf;45801;0.022189640457798105;0.024465501017572267;0.009344158259842002;0.9462765608245619
edicoes_anteriores/sorteio_37;2811-Itutinga-MG.pdf;13233;0.020275382054773805;0.027538205477379337;0.008170676350431231;0.9451505522771978
edicoes_anteriores/sorteio_37;2777-Caldas Brandão-PB.pdf;18001;0.01829200489269431;0.03213610586011344;0.007116646280440345;0.9432892249527411
edicoes_anteriores/sorteio_37;2793-Dois Irmãos das Missões-RS.pdf;17137;0.020341360766892684;0.030979658639233108;0.010755202244563946;0.9396188917465513
edicoes_anteriores/sorteio_37;2789-São Sebastião do Passé-BA.pdf;18769;0.020429935456339678;0.0337654024643943;0.007894596468768335;0.9390835867072065
edicoes_anteriores/sorteio_37;2877-Patrocínio Paulista-SP.pdf;34789;0.023637254619353724;0.03585944481277564;0.008071257674901269;0.9352569830791847
edicoes_anteriores/sorteio_37;2843-Brejolândia-BA.pdf;26561;0.015571390868302983;0.029069109829204836;0.00927496889492139;0.947517249179957
edicoes_anteriores/sorteio_37;2807-Adrianópolis-PR.pdf;15845;0.025978130333101573;0.02996017950824853;0.0077112698312369644;0.9378673914417546
edicoes_anteriores/sorteio_37;2849-Cacimba de Dentro-PB.pdf;24316;0.01797789873000165;0.028245093188190663;0.012699983506514925;0.943715982187036
edicoes_anteriores/sorteio_37;2845-Itapoá-SC.pdf;30415;0.01468457790069801;0.02795337811141841;0.00783616488871329;0.9509416567891479
edicoes_anteriores/sorteio_37;2855-Nanuque-MG.pdf;30672;0.0211189450319885;0.027059668364016187;0.007279018148583365;0.9457174565870218
edicoes_anteriores/sorteio_37;2871-São José do Sul-RS.pdf;15565;0.016735324407826987;0.03141091658084449;0.007595262615859938;0.9461251287332647
edicoes_anteriores/sorteio_37;2865-Barra do Ribeiro-RS.pdf;17703;0.018991634637124118;0.028148315622880386;0.007121862988921547;0.9463599366945512
edicoes_anteriores/sorteio_37;2783-Hidrolândia-CE.pdf;28947;0.017702174739826437;0.025446876188500504;0.006845762887667256;0.9508349756249351
edicoes_anteriores/sorteio_37;2763-São José do Campestre-RN.pdf;26851;0.017481735500223645;0.033211570001490984;0.007044878485164753;0.9431191292679291
edicoes_anteriores/sorteio_37;2831-Itatira-CE.pdf;30975;0.02020626555882448;0.02958197277811904;0.006821635252659145;0.9448126475057386
edicoes_anteriores/sorteio_37;2825-Campanha-MG.pdf;20322;0.025997730748359725;0.025455083616989782;0.009027675003699866;0.9420354200582111
edicoes_anteriores/sorteio_37;2813-Amargosa-BA.pdf;18313;0.017776076136301475;0.03019198162227206;0.009571733304162338;0.944101077503692
edicoes_anteriores/sorteio_37;2785-Água Nova-RN.pdf;14191;0.019476395455507736;0.03231952579211066;0.008609131324536024;0.941006280431868
edicoes_anteriores/sorteio_37;2767-Fortaleza dos Valos-RS.pdf;18913;0.01751322751322752;0.029206349206349205;0.00582010582010582;0.9481481481481482
edicoes_anteriores/sorteio_37;2817-Populina-SP.pdf;12419;0.019832312157368588;0.028055465978716533;0.010722347629796836;0.9425991615607867
edicoes_anteriores/sorteio_37;2867-Rodelas-BA.pdf;31171;0.01789730737099158;0.027344001028211554;0.0075830602146391615;0.9487500803290276
edicoes_anteriores/sorteio_37;2787-São Sebastião do Oeste-MG.pdf;16190;0.02374768089053803;0.028324056895485464;0.008596165739022882;0.940568954854669
edicoes_anteriores/sorteio_37;2863-Amajari-RR.pdf;31341;0.020670266125682884;0.02354557362384588;0.008306443883581992;0.9487556308105173
edicoes_anteriores/sorteio_37;2857-Xexéu-PE.pdf;66191;0.019046610490007714;0.027367210783497978;0.006187500945522759;0.9487602305562699
edicoes_anteriores/sorteio_37;2829-Santo Antônio do Jardim-SP.pdf;10779;0.019797378938563072;0.035040431266846354;0.010502834835951293;0.9365182637791616
edicoes_anteriores/sorteio_37;2791-Iporá-GO.pdf;16589;0.02226916113458058;0.029088714544357276;0.01050090525045263;0.9392878696439348
edicoes_anteriores/sorteio_37;2771-Ilha Solteira-SP.pdf;14753;0.02995110024449878;0.03124151045911437;0.009168704156479216;0.9316082586253733
edicoes_anteriores/sorteio_37;2769-Tapira-MG.pdf;25393;0.021571952518042354;0.027014236699925073;0.007059194699688449;0.9457743423906615
edicoes_anteriores/sorteio_37;2803-São Francisco de Assis do Piauí-PI.pdf;36565;0.020079991233837385;0.03238001314924392;0.006684198991891299;0.9425268463730004
edicoes_anteriores/sorteio_37;2833-Bacuri-MA.pdf;59025;0.019203691451643;0.030026973382869353;0.0088554124891852;0.9432371452321575
edicoes_anteriores/sorteio_37;2875-Ribeirãozinho-MT.pdf;13252;0.017827466384650246;0.028025381477564587;0.008233872186130836;0.9469708415168454
edicoes_anteriores/sorteio_37;2873-Tupirama-TO.pdf;14076;0.01628618163715241;0.031221108029300906;0.007751937984496124;0.9458075528056326
edicoes_anteriores/sorteio_37;2841-Joanópolis-SP.pdf;18023;0.0189560286841959;0.03263105230974484;0.010951136805825781;0.9393518261159598
edicoes_anteriores/sorteio_37;2853-Luciára-MT.pdf;38218;0.019056856011953133;0.03006631890744187;0.007365854937219849;0.9453196676190727
edicoes_anteriores/sorteio_37;2851-Laranjeiras do Sul-PR.pdf;38493;0.017109820568243964;0.030703924581369307;0.006979348420531785;0.9476548868460115
edicoes_anteriores/sorteio_37;2805-Araguanã-MA.pdf;36876;0.016968479352754317;0.03469714658051204;0.0068145413080661354;0.9426872641381371
edicoes_anteriores/sorteio_37;2773-Roteiro-AL.pdf;41417;0.016824192027846938;0.027242621286470543;0.0075177064952017215;0.9495757692958496
edicoes_anteriores/sorteio_37;2765-Uraí-PR.pdf;14870;0.0222042793702059;0.02974027721706366;0.010765711209796795;0.9378280177634236
edicoes_anteriores/sorteio_37;2775-Flor do Sertão-SC.pdf;21754;0.018043728423475267;0.031576524741081705;0.00962025316455696;0.9420943613348677
edicoes_anteriores/sorteio_37;2819-Mirante da Serra-RO.pdf;59651;0.019228831491619927;0.032462298055284985;0.00832969468981964;0.9417425183891444
edicoes_anteriores/sorteio_37;2835-Olindina-BA.pdf;26112;0.018982972848596413;0.03029605767755791;0.007631538579536741;0.9444700107378432
edicoes_anteriores/sorteio_37;2779-Jaguaribara-CE.pdf;30849;0.023530557268508;0.0252831780857486;0.007919249618642692;0.9445003407873811
edicoes_anteriores/sorteio_37;2799-Passa e Fica-RN.pdf;35499;0.021160736957932455;0.027170386253985275;0.00866179499478035;0.9445870834861609
edicoes_anteriores/sorteio_37;2809-Tejuçuoca-CE.pdf;19668;0.01991747745912078;0.0342825123529112;0.00769191584738424;0.9399928684223933
edicoes_anteriores/sorteio_37;2839-Castanhal-PA.pdf;30498;0.016420900522184638;0.02489408519163191;0.007126670826628133;0.9531675917107294
edicoes_anteriores/sorteio_37;2869-Pratápolis-MG.pdf;20944;0.025972162433634666;0.026689625484287563;0.008370402257617067;0.9407375520160712
edicoes_anteriores/sorteio_37;2797-Itaporanga d'Ajuda-SE.pdf;29024;0.020836208086104594;0.027597626604112045;0.0068994066510280104;0.9459086518559405
edicoes_anteriores/sorteio_37;3072-Piçarra-PA.pdf;18358;0.022257378211772406;0.02853090393322787;0.006819049697234195;0.943865582892368
edicoes_anteriores/sorteio_37;2815-Araçoiaba-PE.pdf;55036;0.016524112829845315;0.025059144676979072;0.008152866242038218;0.9518289353958143
edicoes_anteriores/sorteio_37;2827-Aliança-PE.pdf;92726;0.014563211685140772;0.028013655711847198;0.008221516389014931;0.9509734016118926
edicoes_anteriores/sorteio_37;2861-Paraíso-SP.pdf;7429;0.019811320754716984;0.030862533692722367;0.008894878706199462;0.9416442048517519
edicoes_anteriores/sorteio_37;2801-Santa Rita do Pardo-MS.pdf;24076;0.01946188713768869;0.03451574000914875;0.00819229009855699;0.9390360543934796
edicoes_anteriores/sorteio_38;2957-Casa Nova-BA.pdf;17337;0.017377749552566248;0.027885226026210956;0.006062005657871947;0.9495987529588361
edicoes_anteriores/sorteio_38;2993-Perdigão-MG.pdf;16245;0.02165463631315935;0.02739218952433832;0.006601270898883336;0.9465728916034302
edicoes_anteriores/sorteio_38;3032-Terra Roxa-PR.pdf;14396;0.017243776943401477;0.03128911138923654;0.008830482547628984;0.9436100681407316
edicoes_anteriores/sorteio_38;2977-Guarani de Goiás-GO.pdf;32811;0.015356902973682604;0.024424497771264576;0.00674726750931184;0.9552115772119435
edicoes_anteriores/sorteio_38;3018-Limoeiro-PE.pdf;41667;0.01941467634196742;0.02770435869095103;0.008553991061559905;0.9455043490797251
edicoes_anteriores/sorteio_38;3042-Campo Bom-RS.pdf;7991;0.021162033558727766;0.03268219383921863;0.007137490608564988;0.9396443776609065
edicoes_anteriores/sorteio_38;3056-Capela-SE.pdf;34368;0.018757463664695776;0.027553665569568637;0.006000058252992748;0.9487082398858241
edicoes_anteriores/sorteio_38;2967-Abaiara-CE.pdf;27043;0.018152854443744676;0.02874819397621606;0.0068536287185566635;0.9480976549475789
edicoes_anteriores/sorteio_38;3036-Martins-RN.pdf;26240;0.02228157191911484;0.024761541396413584;0.007172834795879435;0.9469286531858068
edicoes_anteriores/sorteio_38;3060-Bastos-SP.pdf;7837;0.018256096004085284;0.0306396016851781;0.015702795863653772;0.9359121664751693
edicoes_anteriores/sorteio_38;2953-Juruá-AM.pdf;24686;0.015530594866388225;0.031061189732776454;0.007420623656786018;0.9470013381452496
edicoes_anteriores/sorteio_38;2987-Formiga-MG.pdf;21617;0.02605953816192155;0.022952796067884636;0.01006213484188074;0.94329036446258
edicoes_anteriores/sorteio_38;3058-Anhumas-SP.pdf;14959;0.01619487385397845;0.028909857458341695;0.010439670748845612;0.9455263334002543
edicoes_anteriores/sorteio_38;3012-Vigia-PA.pdf;25523;0.016596045197740113;0.029739485247959826;0.0062382297551789095;0.9487994350282487
edicoes_anteriores/sorteio_38;3016-Picuí-PB.pdf;74259;0.019071142243997245;0.025711624893711787;0.00865152312696549;0.9488331916157158
edicoes_anteriores/sorteio_38;3044-Chiapetta-RS.pdf;26342;0.01792851433139203;0.02641696166876023;0.01004910357428343;0.9483080202504661
edicoes_anteriores/sorteio_38;3062-Fernandópolis-SP.pdf;8067;0.023942438903361864;0.029897035107306784;0.009304056568663939;0.9376007939461605
edicoes_anteriores/sorteio_38;2975-Presidente Kennedy-ES.pdf;22276;0.02382450777667896;0.028949024543738197;0.0067427852198148;0.941832239503731
edicoes_anteriores/sorteio_38;2983-Brejo de Areia-MA.pdf;46048;0.020517278852423385;0.027472288632905892;0.006868072158226472;0.9459682677678766
edicoes_anteriores/sorteio_38;2955-Ferreira Gomes-AP.pdf;14643;0.017355654253501874;0.02910830201571574;0.008814485821660403;0.9452681926887601
edicoes_anteriores/sorteio_38;2981-São João d'Aliança-GO.pdf;12068;0.02126422460337237;0.03787690007475705;0.008804717999833874;0.9344629952653876
edicoes_anteriores/sorteio_38;3064-Itapecerica da Serra-SP.pdf;11966;0.018575851393188854;0.029369927202744534;0.0067776755083256614;0.9465316709898752
edicoes_anteriores/sorteio_38;3022-Terezinha-PE.pdf;43791;0.019045002975781714;0.026392894748889804;0.007462344915991394;0.9495032733598865
edicoes_anteriores/sorteio_38;3040-Riacho de Santana-RN.pdf;17382;0.017560020726581846;0.02728999942426162;0.007311877482871783;0.9485865622661063
edicoes_anteriores/sorteio_38;2971-Crato-CE.pdf;30699;0.01649928263988522;0.029574801095604536;0.008510499543498109;0.9464262423372898
edicoes_anteriores/sorteio_38;3024-Dirceu Arcoverde-PI.pdf;53701;0.014447095667735442;0.023842368205204682;0.006319439266273955;0.9564536574453806
edicoes_anteriores/sorteio_38;3068-Pontal-SP.pdf;15195;0.02377815834540904;0.027730206823870365;0.0063232775655381376;0.9430246344355158
edicoes_anteriores/sorteio_38;2951-Boca da Mata-AL.pdf;17218;0.0185475899761614;0.030176173033315875;0.00744229315657887;0.9449386592243736
edicoes_anteriores/sorteio_38;2973-Morrinhos-CE.pdf;31168;0.01924745348799846;0.02875871597956365;0.007615436521962664;0.9458886282574469
edicoes_anteriores/sorteio_38;2963-Itarantim-BA.pdf;16395;0.018014167073766487;0.030410356619443087;0.008610161211529067;0.9441255495847581
edicoes_anteriores/sorteio_38;3070-Araguatins-TO.pdf;14117;0.017940717628705152;0.02864841866401928;0.00879307899588711;0.9456814636221813
edicoes_anteriores/sorteio_38;2999-Várzea da Palma-MG.pdf;38404;0.017961886389113373;0.02520920774785579;0.006413097317448318;0.9515889361036524
edicoes_anteriores/sorteio_38;2961-Cipó-BA.pdf;27193;0.016486347243688824;0.02907190696989769;0.007617575623758002;0.9475233679252227
edicoes_anteriores/sorteio_38;2965-Maracás-BA.pdf;18856;0.020148856990962253;0.03460925039872409;0.007921318447634237;0.9397660818713451
edicoes_anteriores/sorteio_38;2991-Novorizonte-MG.pdf;19034;0.01868519395757672;0.032212221695878736;0.006895099742091688;0.9440496868256223
edicoes_anteriores/sorteio_38;3020-Palmares-PE.pdf;34240;0.01799192557486396;0.0280849569949096;0.0064946463050728435;0.9491252706102628
edicoes_anteriores/sorteio_38;3008-Cachoeira do Arari-PA.pdf;18402;0.02122102513875286;0.03025356404396561;0.006148656001741212;0.943682664054848
edicoes_anteriores/sorteio_38;3052-Mirim Doce-SC.pdf;18386;0.01916793726856894;0.03621215421476802;0.009420605532563712;0.9363972990633849
edicoes_anteriores/sorteio_38;2995-Rodeiro-MG.pdf;20243;0.018698060941828243;0.03185595567867036;0.008656509695290861;0.9421250494657698
edicoes_anteriores/sorteio_38;2979-Jaupaci-GO.pdf;19797;0.022207608255766897;0.024129906920275196;0.007942128692836909;0.9471873735329827
edicoes_anteriores/sorteio_38;2989-Monte Santo de Minas-MG.pdf;21945;0.02163099529959385;0.030575457490987085;0.008123031990142837;0.9411308355770548
edicoes_anteriores/sorteio_38;2985-Mata Roma-MA.pdf;65060;0.02127037384759824;0.02762686038816124;0.008926784972219229;0.9435149985378541
edicoes_anteriores/sorteio_38;3048-Ubiretama-RS.pdf;14532;0.019278435692646652;0.026714403745524647;0.008331038281465161;0.9462269347287249
edicoes_anteriores/sorteio_38;3010-Trairão-PA.pdf;61801;0.020368149852545616;0.028162167417441757;0.007162070194769421;0.9457173412839874
edicoes_anteriores/sorteio_38;2959-Catolândia-BA.pdf;15738;0.01977113795295614;0.02600127145581691;0.005912269548633184;0.948823903369358
edicoes_anteriores/sorteio_38;3034-Iguaba Grande-RJ.pdf;22842;0.0175653773708879;0.02422357527705988;0.00823513951552849;0.9505453589732358
edicoes_anteriores/sorteio_38;3004-Gaúcha do Norte-MT.pdf;37993;0.019423872651081885;0.027989352449727226;0.006667896581714678;0.9472366444403447
edicoes_anteriores/sorteio_38;3001-Douradina-MS.pdf;18522;0.019680994863476613;0.030224384968910514;0.00827250608272506;0.9432819680994863
edicoes_anteriores/sorteio_38;3066-Mirassolândia-SP.pdf;11986;0.014621104520010031;0.03241707745007935;0.011362686941264938;0.9430194669563039
edicoes_anteriores/sorteio_38;2997-Vargem Bonita-MG.pdf;5092;0.028931312733713833;0.03444203896870694;0.008856524306238926;0.9299350521550875
edicoes_anteriores/sorteio_38;3054-Boquim-SE.pdf;18095;0.019314848635785052;0.029221318279926946;0.008246167469146049;0.944656594166805
edicoes_anteriores/sorteio_38;3006-Nova Canaã do Norte-MT.pdf;53740;0.0195873596239227;0.03091071894937134;0.008021490131701673;0.9439801514755811
edicoes_anteriores/sorteio_38;2969-Aracoiaba-CE.pdf;66570;0.02076494503839783;0.027345279325402795;0.009215479596446316;0.9450835717512422
edicoes_anteriores/sorteio_38;3038-Paraná-RN.pdf;25403;0.02090070194810316;0.02855114756684281;0.005915293004180141;0.946407445382128
edicoes_anteriores/sorteio_38;3014-Bananeiras-PB.pdf;77218;0.020184843843298113;0.024117967756172278;0.007957112074560607;0.9500765855811417
edicoes_anteriores/sorteio_38;3028-Ariranha do Ivaí-PR.pdf;11922;0.019074027392656078;0.032602302327535505;0.008570708343836653;0.9415175195361734
edicoes_anteriores/sorteio_38;3050-Araranguá-SC.pdf;16407;0.016529429704178103;0.025007624275693814;0.0062214089661482164;0.9529734675205855
edicoes_anteriores/sorteio_38;3026-Manoel Emídio-PI.pdf;39890;0.01347418075977317;0.027098911025242135;0.006799819340593164;0.9535303859085663
edicoes_anteriores/sorteio_38;3046-Jaguari-RS.pdf;12639;0.017192204088100148;0.02915544287751545;0.009665663127871971;0.9453335446046585
edicoes_anteriores/sorteio_38;3030-Lunardelli-PR.pdf;9784;0.019441317916709305;0.03059449503734779;0.008492786247825642;0.9425969507827687
edicoes_anteriores/sorteio_39;3176-Marapanim-PA.pdf;31733;0.017485717892876305;0.029258592936274974;0.006280970867657734;0.9485528516870245
edicoes_anteriores/sorteio_39;3138-Jijoca de Jericoacoara-CE.pdf;39402;0.016521363393742217;0.02490913250133442;0.006506875428920009;0.9535622601225123
edicoes_anteriores/sorteio_39;3146-Aurilândia-GO.pdf;16189;0.01702259362426493;0.02624574435159393;0.010523057876818322;0.9483132157226866
edicoes_anteriores/sorteio_39;3234-Pardinho-SP.pdf;11365;0.015155520310159484;0.02819631685611067;0.0066085117631509375;0.9514494669133844
edicoes_anteriores/sorteio_39;3200-Petrópolis-RJ.pdf;28316;0.014328168117172576;0.029611547442156654;0.007500176890964409;0.9503290171938017
edicoes_anteriores/sorteio_39;3232-Lavínia-SP.pdf;10418;0.019116234390009614;0.031123919308357357;0.00547550432276657;0.9450528338136408
edicoes_anteriores/sorteio_39;3210-Coronel Pilar-RS.pdf;9936;0.013094278807413377;0.03515310233682515;0.005136986301369864;0.9474214343271554
edicoes_anteriores/sorteio_39;3218-Três Barras-SC.pdf;46080;0.01466371220020855;0.026394681960375387;0.007777198470629126;0.9522071602363574
edicoes_anteriores/sorteio_39;3190-Júlio Borges-PI.pdf;36838;0.018257396690846854;0.026706876409378653;0.00700953622952156;0.9488684217675986
edicoes_anteriores/sorteio_39;3192-São Miguel do Fidalgo-PI.pdf;21553;0.017942639334355973;0.036675498535769076;0.011434946311532563;0.9358062566820061
edicoes_anteriores/sorteio_39;3158-Coronel Murta-MG.pdf;31144;0.018968621399176953;0.027134773662551438;0.004886831275720164;0.9502957818930042
edicoes_anteriores/sorteio_39;3208-Alta Floresta D'Oeste-RO.pdf;52150;0.01711519621967383;0.02650838471733994;0.009066635932307575;0.9490577998040683
edicoes_anteriores/sorteio_39;3212-Encruzilhada do Sul-RS.pdf;36143;0.019139683682796442;0.02897266155167161;0.006952330831232862;0.9460432651026232
edicoes_anteriores/sorteio_39;3174-Nova Olímpia-MT.pdf;64430;0.016895672718229296;0.02828898284008953;0.005828773936831633;0.9504476498383485
edicoes_anteriores/sorteio_39;3150-Orizona-GO.pdf;31816;0.018571563473826685;0.027038937328842577;0.006484308602725927;0.9493846202272656
edicoes_anteriores/sorteio_39;3177-Nova Timboteua-PA.pdf;36613;0.01990581019659383;0.03052954383659165;0.007584469634740705;0.9444718252012485
edicoes_anteriores/sorteio_39;3204-Marcelino Vieira-RN.pdf;30727;0.017769228261223964;0.025300772716898703;0.006096964559355744;0.9526588634214731
edicoes_anteriores/sorteio_39;3179-São Domingos do Araguaia-PA.pdf;53441;0.02037908472224826;0.03130917340032621;0.005193198222688837;0.9450308404731999
edicoes_anteriores/sorteio_39;3160-Córrego Danta-MG.pdf;25161;0.018505989572969315;0.02570939626696382;0.007481991483265013;0.9496557487961157
edicoes_anteriores/sorteio_39;3222-Divina Pastora-SE.pdf;25421;0.01800488535182413;0.031833582853991016;0.005712709794342447;0.9459853439445276
edicoes_anteriores/sorteio_39;3180-Baía da Traição-PB.pdf;27999;0.019153802172670098;0.0281232132647227;0.006610920526014863;0.9466480846197828
edicoes_anteriores/sorteio_39;3152-Bela Vista do Maranhão-MA.pdf;41675;0.015510948905109491;0.031862274298885905;0.007731463695735689;0.9455436035343834
edicoes_anteriores/sorteio_39;3128-Botuporã-BA.pdf;50165;0.01722382995709011;0.02488773575491468;0.0064265043408841425;0.9526594152280212
edicoes_anteriores/sorteio_39;3202-Apodi-RN.pdf;110239;0.014375471680957272;0.02889642568126642;0.008156102528664564;0.9509360877985797
edicoes_anteriores/sorteio_39;3236-Salto-SP.pdf;9743;0.015920295809367296;0.0267050123253903;0.005751848808545603;0.952341824157765
edicoes_anteriores/sorteio_39;3140-Salitre-CE.pdf;67790;0.015482803451128707;0.026311901666469684;0.006736792341330814;0.9529754166174212
edicoes_anteriores/sorteio_39;3196-Iretama-PR.pdf;18760;0.01589842082799829;0.028169014084507046;0.005335040546308152;0.9514511310285958
edicoes_anteriores/sorteio_39;3226-Bom Sucesso de Itararé-SP.pdf;11784;0.016828148903620603;0.045385007649158586;0.007054224035356111;0.9322624511303756
edicoes_anteriores/sorteio_39;3198-Santa Mônica-PR.pdf;16446;0.014606536425050212;0.03122147160854483;0.005234008885642991;0.9498508916073276
edicoes_anteriores/sorteio_39;3238-São Valério da Natividade-TO.pdf;19186;0.020037570444583593;0.03162179085785849;0.005061573784178668;0.9444270507201002
edicoes_anteriores/sorteio_39;3216-São Luiz Gonzaga-RS.pdf;17283;0.015242842239480702;0.03500637533325606;0.004578648429349717;0.9468529036745104
edicoes_anteriores/sorteio_39;3188-Parnamirim-PE.pdf;74122;0.017356186771479123;0.027945486716101406;0.005997001499250374;0.9498493996245121
edicoes_anteriores/sorteio_39;3170-Camapuã-MS.pdf;48856;0.016453232250793974;0.02657514598914046;0.00856469624013933;0.949451900420039
edicoes_anteriores/sorteio_39;3172-Juscimeira-MT.pdf;31297;0.014647563003709863;0.028495586542151723;0.005628757835486761;0.9521555583983626
edicoes_anteriores/sorteio_39;3130-Gentio do Ouro-BA.pdf;59216;0.02227182791334788;0.027294404139820407;0.0066291241777011135;0.9452082593475724
edicoes_anteriores/sorteio_39;3182-Tavares-PB.pdf;87510;0.01510522160046689;0.021914014670374314;0.007724261045693295;0.9566640346962363
edicoes_anteriores/sorteio_39;3166-Rio do Prado-MG.pdf;25098;0.01671053681103933;0.02911382308367233;0.006660285554757916;0.948472521336843
edicoes_anteriores/sorteio_39;3168-São Roque de Minas-MG.pdf;15439;0.01321928460342146;0.03421461897356145;0.00505443234836703;0.9479652669777088
edicoes_anteriores/sorteio_39;3164-Itacarambi-MG.pdf;68871;0.02128804292507016;0.02553401869974263;0.0065143737912783;0.9481176658766048
edicoes_anteriores/sorteio_39;3206-Ouro Branco-RN.pdf;22230;0.017073610235156328;0.025993332732678617;0.006036579872060545;0.9523380484728354
edicoes_anteriores/sorteio_39;3148-Campinaçu-GO.pdf;28147;0.01738604849605347;0.024852449690677667;0.005013155087819098;0.9534949868449122
edicoes_anteriores/sorteio_39;3220-Xavantina-SC.pdf;27746;0.014332647387992352;0.02664356113939131;0.006823351023502652;0.9538972526083973
edicoes_anteriores/sorteio_39;3136-Croatá-CE.pdf;41247;0.017302465540671715;0.02919336051252184;0.006576392933410986;0.9478741991846243
edicoes_anteriores/sorteio_39;3144-Cariacica-ES.pdf;39862;0.02312559634409682;0.02714307236478682;0.009265304072716316;0.9413699593230553
edicoes_anteriores/sorteio_39;3194-Bom Sucesso-PR.pdf;14562;0.013401140815064255;0.041165555631915346;0.004398323139303141;0.9417909422032849
edicoes_anteriores/sorteio_39;3124-Maribondo-AL.pdf;40916;0.01900190998579754;0.027278515108477404;0.007052255252460944;0.9485773054508057
edicoes_anteriores/sorteio_39;3224-Japaratuba-SE.pdf;30671;0.01926090363019065;0.023863933141812482;0.006072081483416035;0.9520762601201357
edicoes_anteriores/sorteio_39;3162-Guimarânia-MG.pdf;48923;0.015336104342840762;0.026126661070046475;0.006572616146931755;0.9536845553758267
edicoes_anteriores/sorteio_39;3132-Milagres-BA.pdf;47211;0.015478891456924153;0.026377727359470752;0.007803057611161766;0.951400521617438
edicoes_anteriores/sorteio_39;3184-Camutanga-PE.pdf;42185;0.016328080501234098;0.027696031896715392;0.007784317448262767;0.9493544712359978
edicoes_anteriores/sorteio_39;3228-Borborema-SP.pdf;16913;0.016119473746592384;0.03028327604598791;0.006696693137371104;0.9492118051440086
edicoes_anteriores/sorteio_39;3230-Itaju-SP.pdf;8463;0.0162072636933633;0.028510587956938366;0.006861469300839939;0.9496036909972789
edicoes_anteriores/sorteio_39;3186-Jucati-PE.pdf;57015;0.012890535817776296;0.026465991113608825;0.00855271245675348;0.9533903514163784
edicoes_anteriores/sorteio_39;3154-Coelho Neto-MA.pdf;93309;0.01893414909032362;0.026211560135243922;0.008211238125905648;0.9481886974722267
edicoes_anteriores/sorteio_39;3126-Barra do Mendes-BA.pdf;57833;0.015827113889417998;0.02545498623352785;0.0065282515714557825;0.9536442189475142
edicoes_anteriores/sorteio_39;3214-Porto Lucena-RS.pdf;30588;0.014075286415711949;0.026284779050736496;0.005073649754500818;0.9558101472995089
edicoes_anteriores/sorteio_39;3122-Marechal Thaumaturgo-AC.pdf;48181;0.016353926396941172;0.026328366893169586;0.006005444382104192;0.9525175072210792
edicoes_anteriores/sorteio_39;3142-Senador Pompeu-CE.pdf;40905;0.015052131773459296;0.028635762886093298;0.006706153017768859;0.9507562778403251
edicoes_anteriores/sorteio_39;3156-Caetanópolis-MG.pdf;32330;0.017356806347632037;0.029413587899826434;0.00858542028266799;0.9466898090751302
edicoes_anteriores/sorteio_39;3134-Mirangaba-BA.pdf;37625;0.01620974181527815;0.028639872238488157;0.007053500133084908;0.9495608198030342
edicoes_anteriores/sorteio_40;3382-General Maynard-SE.pdf;42511;0.015021459227467808;0.022850540017921993;0.0054473423572136016;0.9591567231052208
edicoes_anteriores/sorteio_40;3376-Humaitá-AM.pdf;35928;0.013899334280382163;0.026322386563048382;0.005515166708448231;0.955015180635637
edicoes_anteriores/sorteio_40;3384-Pancas-ES.pdf;26514;0.013935571585029647;0.02821103515993807;0.005815929604592319;0.9533592658333019
edicoes_anteriores/sorteio_40;3332-Boninal-BA.pdf;33256;0.016554298097760656;0.0286840837948471;0.0066518179629183735;0.9490729593065255
edicoes_anteriores/sorteio_40;3415-Cachoeirinha-PE.pdf;63228;0.015273464731605296;0.02657012484948349;0.006511819506939604;0.9534191013372202
edicoes_anteriores/sorteio_40;3346-Nuporanga-SP.pdf;11748;0.018504306301696943;0.02762854950115119;0.005542764560416133;0.9501151189562547
edicoes_anteriores/sorteio_40;3324-Pinhalão-PR.pdf;60503;0.013730809952355746;0.02491397564849127;0.0057735574377977775;0.9564915299100053
edicoes_anteriores/sorteio_40;3366-Itambacuri-MG.pdf;47601;0.016456228956228957;0.027861952861952862;0.007449494949494951;0.9499368686868687
edicoes_anteriores/sorteio_40;3436-Trombudo Central-SC.pdf;29234;0.018523591042936386;0.02667260152023557;0.008217489556940356;0.947545024994864
edicoes_anteriores/sorteio_40;3425-Capitão de Campos-PI.pdf;44052;0.01658363475056303;0.02782137901226143;0.005004663436383902;0.9527059305261721
edicoes_anteriores/sorteio_40;3358-Tiros-MG.pdf;36372;0.01706437673740126;0.027688327415847855;0.006082624611234966;0.9502380755786749
edicoes_anteriores/sorteio_40;3380-Cristinápolis-SE.pdf;57534;0.013711263071810132;0.030241339110159908;0.005602825772998556;0.9515407770875747
edicoes_anteriores/sorteio_40;3388-Paripueira-AL.pdf;63419;0.014126347059381223;0.025629681130107766;0.007331795341781754;0.9550137471162659
edicoes_anteriores/sorteio_40;3362-Biquinhas-MG.pdf;14730;0.015903221421775176;0.026777218975125736;0.004825336414299308;0.9535816229441347
edicoes_anteriores/sorteio_40;3427-Simplício Mendes-PI.pdf;48794;0.014569781042867987;0.02542529396072315;0.006156245511070981;0.9551414910426627
edicoes_anteriores/sorteio_40;3354-Juquitiba-SP.pdf;31332;0.010253953042644945;0.02692860565404888;0.005558217537134644;0.958121705797796
edicoes_anteriores/sorteio_40;3322-Nossa Senhora das Graças-PR.pdf;58420;0.013179317554713875;0.022108348043668267;0.00502150850914326;0.9609076419475912
edicoes_anteriores/sorteio_40;3390-Goianésia do Pará-PA.pdf;44577;0.015275749747276197;0.02861956643827923;0.005324048073683028;0.9521734246883073
edicoes_anteriores/sorteio_40;3336-Formigueiro-RS.pdf;33120;0.015602322206095792;0.024582728592162553;0.004777455249153361;0.9564888727624575
edicoes_anteriores/sorteio_40;3370-Matias Barbosa-MG.pdf;33181;0.021390212997043384;0.028057684185120377;0.00693899716406203;0.9446690400048271
edicoes_anteriores/sorteio_40;3423-Riachão do Bacamarte-PB.pdf;76354;0.01638161691411783;0.025562667226273546;0.005574209118094537;0.9539242432191385
edicoes_anteriores/sorteio_40;3413-Ferreiros-PE.pdf;50465;0.013674976182915213;0.025920927278501107;0.007581771991108288;0.9544299777707208
edicoes_anteriores/sorteio_40;3409-Ararendá-CE.pdf;48281;0.01589640359433042;0.03071367796293606;0.0057899433457156485;0.9495507086973666
edicoes_anteriores/sorteio_40;3326-Antônio Cardoso-BA.pdf;44578;0.016676392692014184;0.029873860932800644;0.006217174664452126;0.9477712438838265
edicoes_anteriores/sorteio_40;3417-Presidente Médici-MA.pdf;58541;0.020446255800811684;0.027655530249841603;0.009229926194838776;0.9451341678510883
edicoes_anteriores/sorteio_40;3405-Chaval-CE.pdf;47260;0.014127165671199222;0.026729359935612318;0.005146778497903165;0.9549709831829543
edicoes_anteriores/sorteio_40;3356-Itajobi-SP.pdf;19567;0.013969196131607227;0.028450084429207396;0.004963414010131507;0.953845366627437
edicoes_anteriores/sorteio_40;3429-Itajá-GO.pdf;26673;0.016964419756793275;0.025183906320372318;0.0054045939048190965;0.9535355051794026
edicoes_anteriores/sorteio_40;3364-Jenipapo de Minas-MG.pdf;74917;0.016167856856294634;0.02740110727754152;0.008077241969563241;0.9502126293829736
edicoes_anteriores/sorteio_40;3372-Pedra Branca do Amaparí-AP.pdf;34674;0.01560242704420688;0.025223923721467784;0.006269864201097951;0.9547529615718002
edicoes_anteriores/sorteio_40;3392-Medicilândia-PA.pdf;54248;0.01682084233460736;0.02815783157000683;0.0064624531472146805;0.9502021824627486
edicoes_anteriores/sorteio_40;3368-Canaã-MG.pdf;20238;0.015580176080720147;0.027549708180828962;0.006330992185181521;0.951528341082204
edicoes_anteriores/sorteio_40;3438-Mondaí-SC.pdf;28505;0.015075376884422115;0.0280071687106863;0.0070632884703236455;0.9515409213901675
edicoes_anteriores/sorteio_40;3374-Uiramutã-RR.pdf;33891;0.014972093435312878;0.027197826536337597;0.006378643357056372;0.9522782978472076
edicoes_anteriores/sorteio_40;3344-Vera Cruz-RS.pdf;42256;0.01713838714265396;0.026549092115867822;0.005428341155833689;0.9525434978428862
edicoes_anteriores/sorteio_40;3398-Caicó-RN.pdf;77530;0.014185863231741189;0.02729938889678428;0.006705339724292965;0.9534760532809652
edicoes_anteriores/sorteio_40;3340-Lagoa Bonita do Sul-RS.pdf;23354;0.0156953557185128;0.03302028388867447;0.006003687979758995;0.9467815944079937
edicoes_anteriores/sorteio_40;3403-Itapagé-CE.pdf;63314;0.014290004900333535;0.02647760863723305;0.0050109862316435085;0.9550591991906544
edicoes_anteriores/sorteio_40;3386-Sete Quedas-MS.pdf;37289;0.017469361427649967;0.02738658353042357;0.00585895506342722;0.951462051171791
edicoes_anteriores/sorteio_40;3433-Jaraguá-GO.pdf;39220;0.017826131371948106;0.025641025641025647;0.005465318214322199;0.9527020124629686
edicoes_anteriores/sorteio_40;3350-Paranapuã-SP.pdf;47652;0.013841558332281543;0.032332029113551264;0.005974168033993857;0.9502503260549455
edicoes_anteriores/sorteio_40;3328-Itamari-BA.pdf;56928;0.015950618152401383;0.02493712959217769;0.006700314791692315;0.9535550357877707
edicoes_anteriores/sorteio_40;3401-Severiano Melo-RN.pdf;36367;0.015224932547767194;0.02838500082594571;0.0044050437751225165;0.9532239414129179
edicoes_anteriores/sorteio_40;3334-Vereda-BA.pdf;44626;0.017643493681115178;0.025881613504231297;0.005634245437608026;0.9525690812363915
edicoes_anteriores/sorteio_40;3435-Nova América-GO.pdf;16689;0.01530244839174268;0.02442390782525204;0.00558089294287086;0.9561929908785404
edicoes_anteriores/sorteio_40;3396-Nazaré-TO.pdf;11824;0.012619632421444907;0.029643431862454484;0.009739984754806471;0.9494367747946135
edicoes_anteriores/sorteio_40;3378-Miracema-RJ.pdf;39627;0.01654648956356736;0.02484503478810879;0.0061480075901328285;0.9550411132194813
edicoes_anteriores/sorteio_40;3399-Nova Cruz-RN.pdf;51072;0.01385481876876582;0.02880860333222128;0.00747689228172773;0.9521164903742372
edicoes_anteriores/sorteio_40;3407-Martinópole-CE.pdf;56825;0.016033829618535816;0.0282794467447802;0.006536868998326139;0.9503832261474761
edicoes_anteriores/sorteio_40;3431-Americano do Brasil-GO.pdf;22681;0.01818904242638295;0.03010904595823584;0.005253631186261092;0.9477727252659927
edicoes_anteriores/sorteio_40;3342-São João do Polêsine-RS.pdf;13983;0.012895830348187422;0.03245450637627166;0.00580312365668434;0.9506376271672158
edicoes_anteriores/sorteio_40;3360-Josenópolis-MG.pdf;35815;0.017676343905577;0.02517200872629636;0.00629300218157409;0.9525647480002237
edicoes_anteriores/sorteio_40;3352-Lupércio-SP.pdf;29899;0.01784097387571683;0.02967906368422818;0.009155236594117848;0.9460075790603306
edicoes_anteriores/sorteio_40;3330-Curaçá-BA.pdf;72856;0.018771471760340802;0.027167788924007143;0.005716641473134532;0.9495259035316752
edicoes_anteriores/sorteio_40;3394-Porto dos Gaúchos-MT.pdf;41546;0.015233687661195072;0.026490225853881937;0.0064598548943042376;0.9532383638248126
edicoes_anteriores/sorteio_40;3421-Imaculada-PB.pdf;52606;0.01645612967049692;0.030705425766684422;0.0061258656114450945;0.9475116049006925
edicoes_anteriores/sorteio_40;3411-Afogados da Ingazeira-PE.pdf;118118;0.01900566180277912;0.03144974407293284;0.0071472832683966165;0.9450372218968313
edicoes_anteriores/sorteio_40;3419-Maranhãozinho-MA.pdf;137776;0.02157080852363192;0.02594022406886374;0.006405083353326501;0.9477487695115123
edicoes_anteriores/sorteio_40;3320-Rio Branco do Ivaí-PR.pdf;27795;0.016244057052297936;0.026293041348508864;0.005294626134562745;0.9532848292753205
edicoes_anteriores/sorteio_40;3348-Guaraci-SP.pdf;63075;0.01258361270436454;0.027566373790495556;0.006117033953510541;0.9558938019352072
